11101,10001,6/23/85 12:00:00 AM,389,cash,general fund,,
11102,10001,4/14/82 12:00:00 AM,232,check,missions,10002,
11103,10001,2/8/76 12:00:00 AM,63,card,restricted-youth,,made in honor of her mother
11104,10001,3/21/76 12:00:00 AM,383,cash,tithes ,,
11105,10001,2/14/67 12:00:00 AM,48,,,10005,
11106,10001,5/4/97 12:00:00 AM,54,card,church planting,,
11107,10001,6/25/06 12:00:00 AM,46,cash,food bank,,
11108,10001,5/26/14 12:00:00 AM,99,,,10008,
11109,10001,7/30/74 12:00:00 AM,341,card,missions,,
11110,10001,1/9/84 12:00:00 AM,377,cash,restricted-youth,,
11111,10001,9/26/63 12:00:00 AM,254,check,tithes ,10011,
11112,10001,4/22/81 12:00:00 AM,199,card,building fund,,
11113,10001,12/21/75 12:00:00 AM,334,cash,church planting,,
11114,10001,2/19/76 12:00:00 AM,274,check,food bank,10014,
11115,10001,1/4/64 12:00:00 AM,65,card,general fund,,
11116,10001,7/13/67 12:00:00 AM,419,cash,missions,,
11117,10001,3/7/84 12:00:00 AM,103,check,restricted-youth,10017,
11118,10001,5/12/79 12:00:00 AM,267,card,tithes ,,
11119,10001,8/4/09 12:00:00 AM,423,cash,building fund,,
11120,10001,12/24/73 12:00:00 AM,12,check,church planting,10020,
11121,10002,11/18/88 12:00:00 AM,331,card,food bank,,
11122,10002,2/6/94 12:00:00 AM,145,cash,general fund,,
11123,10002,8/1/69 12:00:00 AM,351,check,missions,10023,
11124,10002,4/22/67 12:00:00 AM,453,card,restricted-youth,,
11125,10002,2/15/83 12:00:00 AM,292,cash,tithes ,,
11126,10002,11/8/89 12:00:00 AM,431,check,building fund,10026,
11127,10002,8/8/01 12:00:00 AM,187,card,church planting,,
11128,10002,7/9/12 12:00:00 AM,160,cash,food bank,,
11129,10002,8/12/12 12:00:00 AM,214,check,general fund,10029,
11130,10002,10/27/98 12:00:00 AM,384,card,missions,,
11131,10002,12/28/87 12:00:00 AM,430,cash,restricted-youth,,
11132,10002,6/26/00 12:00:00 AM,269,check,tithes ,10032,
11133,10002,4/5/61 12:00:00 AM,55,card,building fund,,
11134,10002,11/9/98 12:00:00 AM,352,cash,church planting,,
11135,10002,12/23/05 12:00:00 AM,382,check,food bank,10035,
11136,10002,5/12/99 12:00:00 AM,200,card,general fund,,
11137,10002,10/8/64 12:00:00 AM,9,cash,missions,,
11138,10002,6/24/62 12:00:00 AM,232,check,restricted-youth,10038,
11139,10002,12/18/96 12:00:00 AM,193,card,tithes ,,
11140,10002,1/28/64 12:00:00 AM,331,cash,building fund,,
11141,10003,3/30/86 12:00:00 AM,496,check,church planting,10041,
11142,10003,11/15/13 12:00:00 AM,85,card,food bank,,
11143,10003,11/5/02 12:00:00 AM,435,cash,general fund,,
11144,10003,9/26/72 12:00:00 AM,436,check,missions,10044,
11145,10003,12/30/76 12:00:00 AM,275,card,restricted-youth,,
11146,10003,8/1/08 12:00:00 AM,196,cash,tithes ,,
11147,10003,11/17/12 12:00:00 AM,134,check,building fund,10047,
11148,10003,7/13/98 12:00:00 AM,200,card,church planting,,
11149,10003,7/16/80 12:00:00 AM,349,cash,food bank,,
11150,10003,2/24/16 12:00:00 AM,475,check,general fund,10050,
11151,10003,9/14/05 12:00:00 AM,242,card,missions,,
11152,10003,12/2/74 12:00:00 AM,326,cash,restricted-youth,,
11153,10003,12/29/98 12:00:00 AM,412,check,tithes ,10053,
11154,10003,7/31/13 12:00:00 AM,102,card,building fund,,
11155,10003,3/11/88 12:00:00 AM,388,cash,church planting,,
11156,10003,1/10/07 12:00:00 AM,81,check,food bank,10056,
11157,10003,9/6/96 12:00:00 AM,61,card,general fund,,
11158,10003,2/3/95 12:00:00 AM,485,cash,missions,,
11159,10003,1/1/90 12:00:00 AM,10,check,restricted-youth,10059,
11160,10003,2/21/96 12:00:00 AM,195,card,tithes ,,
11161,10004,6/8/80 12:00:00 AM,217,cash,building fund,,
11162,10004,5/27/09 12:00:00 AM,236,check,church planting,10062,
11163,10004,6/23/02 12:00:00 AM,78,card,food bank,,
11164,10004,6/2/82 12:00:00 AM,162,cash,general fund,,
11165,10004,2/17/61 12:00:00 AM,272,check,missions,10065,
11166,10004,7/17/15 12:00:00 AM,65,card,restricted-youth,,
11167,10004,1/28/72 12:00:00 AM,155,cash,tithes ,,
11168,10004,9/6/11 12:00:00 AM,407,check,building fund,10068,
11169,10004,6/14/69 12:00:00 AM,117,card,church planting,,
11170,10004,7/25/88 12:00:00 AM,109,cash,food bank,,
11171,10004,10/4/12 12:00:00 AM,80,check,general fund,10071,
11172,10004,4/15/11 12:00:00 AM,30,card,missions,,
11173,10004,6/29/93 12:00:00 AM,81,cash,restricted-youth,,
11174,10004,2/4/74 12:00:00 AM,179,check,tithes ,10074,
11175,10004,1/28/99 12:00:00 AM,5,card,building fund,,
11176,10004,5/1/98 12:00:00 AM,256,cash,church planting,,
11177,10004,2/25/94 12:00:00 AM,215,check,food bank,10077,
11178,10004,3/13/94 12:00:00 AM,432,card,general fund,,
11179,10004,4/2/76 12:00:00 AM,299,cash,missions,,
11180,10004,3/30/94 12:00:00 AM,485,check,restricted-youth,10080,
11181,10005,5/6/01 12:00:00 AM,12,card,tithes ,,
11182,10005,8/26/14 12:00:00 AM,68,cash,building fund,,
11183,10005,6/17/80 12:00:00 AM,468,check,church planting,10083,
11184,10005,6/17/12 12:00:00 AM,128,card,food bank,,
11185,10005,3/25/92 12:00:00 AM,339,cash,general fund,,
11186,10005,4/22/68 12:00:00 AM,488,check,missions,10086,
11187,10005,6/4/69 12:00:00 AM,14,card,restricted-youth,,
11188,10005,4/13/84 12:00:00 AM,19,cash,tithes ,,
11189,10005,6/16/60 12:00:00 AM,124,check,building fund,10089,
11190,10005,6/29/15 12:00:00 AM,295,card,church planting,,
11191,10005,4/16/04 12:00:00 AM,152,cash,food bank,,
11192,10005,7/17/82 12:00:00 AM,417,check,general fund,10092,
11193,10005,12/1/96 12:00:00 AM,301,card,missions,,
11194,10005,8/23/61 12:00:00 AM,470,cash,restricted-youth,,
11195,10005,6/6/68 12:00:00 AM,420,check,tithes ,10095,
11196,10005,4/2/99 12:00:00 AM,481,card,building fund,,
11197,10005,11/14/76 12:00:00 AM,393,cash,church planting,,
11198,10005,4/12/60 12:00:00 AM,423,check,food bank,10098,
11199,10005,9/16/93 12:00:00 AM,309,card,general fund,,
11200,10005,11/1/13 12:00:00 AM,385,cash,missions,,
11201,10006,4/19/73 12:00:00 AM,297,check,restricted-youth,10101,
11202,10006,11/20/88 12:00:00 AM,243,card,tithes ,,
11203,10006,2/2/98 12:00:00 AM,194,cash,building fund,,
11204,10006,8/14/61 12:00:00 AM,157,check,church planting,10104,
11205,10006,11/20/67 12:00:00 AM,211,card,food bank,,
11206,10006,9/19/02 12:00:00 AM,410,cash,general fund,,
11207,10006,1/12/67 12:00:00 AM,335,check,missions,10107,
11208,10006,11/26/04 12:00:00 AM,436,card,restricted-youth,,
11209,10006,8/26/97 12:00:00 AM,46,cash,tithes ,,
11210,10006,7/6/77 12:00:00 AM,104,check,building fund,10110,
11211,10006,4/28/96 12:00:00 AM,223,card,church planting,,
11212,10006,8/25/72 12:00:00 AM,269,cash,food bank,,
11213,10006,9/20/10 12:00:00 AM,394,check,general fund,10113,
11214,10006,5/13/75 12:00:00 AM,214,card,missions,,
11215,10006,11/4/61 12:00:00 AM,347,cash,restricted-youth,,
11216,10006,7/1/95 12:00:00 AM,121,check,tithes ,10116,
11217,10006,5/14/67 12:00:00 AM,84,card,building fund,,
11218,10006,5/1/14 12:00:00 AM,104,cash,church planting,,
11219,10006,8/31/74 12:00:00 AM,151,check,food bank,10119,
11220,10006,6/23/69 12:00:00 AM,484,card,general fund,,
11221,10007,9/22/14 12:00:00 AM,357,cash,missions,,
11222,10007,8/4/13 12:00:00 AM,275,check,restricted-youth,10122,
11223,10007,7/21/01 12:00:00 AM,149,card,tithes ,,
11224,10007,5/25/09 12:00:00 AM,477,cash,building fund,,
11225,10007,12/24/68 12:00:00 AM,136,check,church planting,10125,
11226,10007,8/31/62 12:00:00 AM,478,card,food bank,,
11227,10007,4/14/02 12:00:00 AM,246,cash,general fund,,
11228,10007,4/8/06 12:00:00 AM,370,check,missions,10128,
11229,10007,9/9/03 12:00:00 AM,48,card,restricted-youth,,
11230,10007,8/17/03 12:00:00 AM,77,cash,tithes ,,
11231,10007,2/21/99 12:00:00 AM,35,check,building fund,10131,
11232,10007,10/5/60 12:00:00 AM,449,card,church planting,,
11233,10007,7/4/77 12:00:00 AM,13,cash,food bank,,
11234,10007,1/8/93 12:00:00 AM,275,check,general fund,10134,
11235,10007,10/20/81 12:00:00 AM,106,card,missions,,
11236,10007,11/3/10 12:00:00 AM,479,cash,restricted-youth,,
11237,10007,4/9/74 12:00:00 AM,385,check,tithes ,10137,
11238,10007,12/11/90 12:00:00 AM,276,card,building fund,,
11239,10007,7/1/90 12:00:00 AM,352,cash,church planting,,
11240,10007,9/18/66 12:00:00 AM,14,check,food bank,10140,
11241,10008,7/3/07 12:00:00 AM,117,card,general fund,,
11242,10008,1/13/84 12:00:00 AM,325,cash,missions,,
11243,10008,2/19/00 12:00:00 AM,344,check,restricted-youth,10143,
11244,10008,3/18/77 12:00:00 AM,482,card,tithes ,,
11245,10008,8/19/64 12:00:00 AM,441,cash,building fund,,
11246,10008,11/1/97 12:00:00 AM,114,check,church planting,10146,
11247,10008,12/25/95 12:00:00 AM,306,card,food bank,,
11248,10008,2/10/77 12:00:00 AM,291,cash,general fund,,
11249,10008,7/11/06 12:00:00 AM,291,check,missions,10149,
11250,10008,7/19/10 12:00:00 AM,434,card,restricted-youth,,
11251,10008,3/3/69 12:00:00 AM,214,cash,tithes ,,
11252,10008,10/25/07 12:00:00 AM,286,check,building fund,10152,
11253,10008,4/20/07 12:00:00 AM,265,card,church planting,,
11254,10008,10/5/77 12:00:00 AM,233,cash,food bank,,
11255,10008,8/7/62 12:00:00 AM,110,check,general fund,10155,
11256,10008,8/18/81 12:00:00 AM,403,card,missions,,
11257,10008,7/3/67 12:00:00 AM,464,cash,restricted-youth,,
11258,10008,1/18/83 12:00:00 AM,123,check,tithes ,10158,
11259,10008,10/6/14 12:00:00 AM,485,card,building fund,,
11260,10008,8/27/14 12:00:00 AM,299,cash,church planting,,
11261,10009,5/2/67 12:00:00 AM,219,check,food bank,10161,
11262,10009,3/11/14 12:00:00 AM,329,card,general fund,,
11263,10009,9/21/00 12:00:00 AM,39,cash,missions,,
11264,10009,7/25/95 12:00:00 AM,53,check,restricted-youth,10164,
11265,10009,7/24/06 12:00:00 AM,433,card,tithes ,,
11266,10009,6/20/79 12:00:00 AM,263,cash,building fund,,
11267,10009,8/22/79 12:00:00 AM,25,check,church planting,10167,
11268,10009,9/19/07 12:00:00 AM,383,card,food bank,,
11269,10009,9/11/90 12:00:00 AM,6,cash,general fund,,
11270,10009,5/15/66 12:00:00 AM,266,check,missions,10170,
11271,10009,9/1/67 12:00:00 AM,99,card,restricted-youth,,
11272,10009,10/21/95 12:00:00 AM,168,cash,tithes ,,
11273,10009,6/5/90 12:00:00 AM,182,check,building fund,10173,
11274,10009,3/2/70 12:00:00 AM,145,card,church planting,,
11275,10009,9/4/74 12:00:00 AM,166,cash,food bank,,
11276,10009,7/17/79 12:00:00 AM,228,check,general fund,10176,
11277,10009,11/14/07 12:00:00 AM,395,card,missions,,
11278,10009,9/14/78 12:00:00 AM,35,cash,restricted-youth,,
11279,10009,4/21/66 12:00:00 AM,267,check,tithes ,10179,
11280,10009,1/5/81 12:00:00 AM,485,card,building fund,,
11281,10010,12/31/87 12:00:00 AM,105,cash,church planting,,
11282,10010,7/10/78 12:00:00 AM,385,check,food bank,10182,
11283,10010,3/23/12 12:00:00 AM,367,card,general fund,,
11284,10010,12/17/79 12:00:00 AM,379,cash,missions,,
11285,10010,12/28/87 12:00:00 AM,476,check,restricted-youth,10185,
11286,10010,6/27/81 12:00:00 AM,46,card,tithes ,,
11287,10010,11/16/85 12:00:00 AM,353,cash,building fund,,
11288,10010,6/6/12 12:00:00 AM,110,check,church planting,10188,
11289,10010,5/25/90 12:00:00 AM,253,card,food bank,,
11290,10010,1/25/83 12:00:00 AM,343,cash,general fund,,
11291,10010,11/23/79 12:00:00 AM,269,check,missions,10191,
11292,10010,1/30/87 12:00:00 AM,292,card,restricted-youth,,
11293,10010,4/23/66 12:00:00 AM,431,cash,tithes ,,
11294,10010,4/8/81 12:00:00 AM,404,check,building fund,10194,
11295,10010,6/18/96 12:00:00 AM,310,card,church planting,,
11296,10010,2/17/79 12:00:00 AM,278,cash,food bank,,
11297,10010,10/12/65 12:00:00 AM,381,check,general fund,10197,
11298,10010,1/17/65 12:00:00 AM,161,card,missions,,
11299,10010,12/26/11 12:00:00 AM,338,cash,restricted-youth,,
11300,10010,5/11/67 12:00:00 AM,1,check,tithes ,10200,
11301,10011,5/31/10 12:00:00 AM,214,card,building fund,,
11302,10011,2/18/97 12:00:00 AM,234,cash,church planting,,
11303,10011,12/26/71 12:00:00 AM,141,check,food bank,10203,
11304,10011,5/18/62 12:00:00 AM,349,card,general fund,,
11305,10011,6/26/65 12:00:00 AM,8,cash,missions,,
11306,10011,11/13/72 12:00:00 AM,497,check,restricted-youth,10206,
11307,10011,7/9/12 12:00:00 AM,334,card,tithes ,,
11308,10011,8/7/75 12:00:00 AM,29,cash,building fund,,
11309,10011,7/10/63 12:00:00 AM,301,check,church planting,10209,
11310,10011,10/1/93 12:00:00 AM,48,card,food bank,,
11311,10011,1/26/72 12:00:00 AM,495,cash,general fund,,
11312,10011,11/1/69 12:00:00 AM,399,check,missions,10212,
11313,10011,11/16/70 12:00:00 AM,210,card,restricted-youth,,
11314,10011,7/31/05 12:00:00 AM,431,cash,tithes ,,
11315,10011,2/4/62 12:00:00 AM,437,check,building fund,10215,
11316,10011,2/22/85 12:00:00 AM,456,card,church planting,,
11317,10011,8/29/65 12:00:00 AM,355,cash,food bank,,
11318,10011,4/3/67 12:00:00 AM,395,check,general fund,10218,
11319,10011,9/30/98 12:00:00 AM,243,card,missions,,
11320,10011,2/23/68 12:00:00 AM,151,cash,restricted-youth,,
11321,10012,3/20/86 12:00:00 AM,408,check,tithes ,10221,
11322,10012,12/2/96 12:00:00 AM,220,card,building fund,,
11323,10012,8/20/69 12:00:00 AM,297,cash,church planting,,
11324,10012,11/17/70 12:00:00 AM,190,check,food bank,10224,
11325,10012,7/6/61 12:00:00 AM,81,card,general fund,,
11326,10012,3/28/01 12:00:00 AM,96,cash,missions,,
11327,10012,7/26/00 12:00:00 AM,363,check,restricted-youth,10227,
11328,10012,4/24/90 12:00:00 AM,324,card,tithes ,,
11329,10012,12/29/88 12:00:00 AM,158,cash,building fund,,
11330,10012,12/19/69 12:00:00 AM,328,check,church planting,10230,
11331,10012,11/28/64 12:00:00 AM,318,card,food bank,,
11332,10012,11/16/60 12:00:00 AM,360,cash,general fund,,
11333,10012,10/17/80 12:00:00 AM,394,check,missions,10233,
11334,10012,4/11/60 12:00:00 AM,148,card,restricted-youth,,
11335,10012,10/25/74 12:00:00 AM,445,cash,tithes ,,
11336,10012,12/27/69 12:00:00 AM,129,check,building fund,10236,
11337,10012,7/12/87 12:00:00 AM,250,card,church planting,,
11338,10012,2/20/96 12:00:00 AM,404,cash,food bank,,
11339,10012,10/5/64 12:00:00 AM,30,check,general fund,10239,
11340,10012,2/14/71 12:00:00 AM,112,card,missions,,
11341,10013,6/11/76 12:00:00 AM,478,cash,restricted-youth,,
11342,10013,5/18/15 12:00:00 AM,376,check,tithes ,10242,
11343,10013,9/19/97 12:00:00 AM,393,card,building fund,,
11344,10013,2/10/11 12:00:00 AM,187,cash,church planting,,
11345,10013,6/9/09 12:00:00 AM,345,check,food bank,10245,
11346,10013,4/6/01 12:00:00 AM,189,card,general fund,,
11347,10013,11/20/84 12:00:00 AM,30,cash,missions,,
11348,10013,2/3/00 12:00:00 AM,13,check,restricted-youth,10248,
11349,10013,3/19/65 12:00:00 AM,461,card,tithes ,,
11350,10013,1/19/77 12:00:00 AM,285,cash,building fund,,
11351,10013,10/26/77 12:00:00 AM,235,check,church planting,10251,
11352,10013,9/4/07 12:00:00 AM,381,card,food bank,,
11353,10013,7/26/13 12:00:00 AM,202,cash,general fund,,
11354,10013,5/20/60 12:00:00 AM,326,check,missions,10254,
11355,10013,9/22/99 12:00:00 AM,463,card,restricted-youth,,
11356,10013,12/7/98 12:00:00 AM,130,cash,tithes ,,
11357,10013,2/20/79 12:00:00 AM,399,check,building fund,10257,
11358,10013,1/26/10 12:00:00 AM,265,card,church planting,,
11359,10013,7/31/65 12:00:00 AM,191,cash,food bank,,
11360,10013,11/9/13 12:00:00 AM,324,check,general fund,10260,
11361,10014,9/23/94 12:00:00 AM,182,card,missions,,
11362,10014,11/23/95 12:00:00 AM,310,cash,restricted-youth,,
11363,10014,4/24/75 12:00:00 AM,279,check,tithes ,10263,
11364,10014,8/5/96 12:00:00 AM,88,card,building fund,,
11365,10014,1/12/11 12:00:00 AM,295,cash,church planting,,
11366,10014,6/10/71 12:00:00 AM,465,check,food bank,10266,
11367,10014,1/10/96 12:00:00 AM,324,card,general fund,,
11368,10014,1/28/70 12:00:00 AM,252,cash,missions,,
11369,10014,12/22/92 12:00:00 AM,35,check,restricted-youth,10269,
11370,10014,12/17/88 12:00:00 AM,312,card,tithes ,,
11371,10014,1/14/82 12:00:00 AM,245,cash,building fund,,
11372,10014,11/14/63 12:00:00 AM,266,check,church planting,10272,
11373,10014,3/3/11 12:00:00 AM,41,card,food bank,,
11374,10014,9/23/75 12:00:00 AM,485,cash,general fund,,
11375,10014,6/15/00 12:00:00 AM,485,check,missions,10275,
11376,10014,2/27/85 12:00:00 AM,83,card,restricted-youth,,
11377,10014,6/26/92 12:00:00 AM,155,cash,tithes ,,
11378,10014,8/22/71 12:00:00 AM,286,check,building fund,10278,
11379,10014,6/26/71 12:00:00 AM,56,card,church planting,,
11380,10014,10/31/77 12:00:00 AM,5,cash,food bank,,
11381,10015,8/30/64 12:00:00 AM,453,check,general fund,10281,
11382,10015,2/15/63 12:00:00 AM,333,card,missions,,
11383,10015,9/12/74 12:00:00 AM,130,cash,restricted-youth,,
11384,10015,7/19/00 12:00:00 AM,416,check,tithes ,10284,
11385,10015,8/30/10 12:00:00 AM,221,card,building fund,,
11386,10015,12/4/94 12:00:00 AM,222,cash,church planting,,
11387,10015,2/8/69 12:00:00 AM,59,check,food bank,10287,
11388,10015,10/21/12 12:00:00 AM,153,card,general fund,,
11389,10015,7/15/84 12:00:00 AM,122,cash,missions,,
11390,10015,2/20/62 12:00:00 AM,96,check,restricted-youth,10290,
11391,10015,9/10/01 12:00:00 AM,421,card,tithes ,,
11392,10015,10/19/88 12:00:00 AM,285,cash,building fund,,
11393,10015,9/9/12 12:00:00 AM,94,check,church planting,10293,
11394,10015,1/19/93 12:00:00 AM,316,card,food bank,,
11395,10015,2/15/97 12:00:00 AM,86,cash,general fund,,
11396,10015,8/22/89 12:00:00 AM,229,check,missions,10296,
11397,10015,11/6/02 12:00:00 AM,447,card,restricted-youth,,
11398,10015,9/24/83 12:00:00 AM,470,cash,tithes ,,
11399,10015,5/22/94 12:00:00 AM,295,check,building fund,10299,
11400,10015,5/9/79 12:00:00 AM,137,card,church planting,,
11401,10016,11/9/76 12:00:00 AM,381,cash,food bank,,
11402,10016,4/5/90 12:00:00 AM,363,check,general fund,10302,
11403,10016,1/27/15 12:00:00 AM,11,card,missions,,
11404,10016,3/4/00 12:00:00 AM,360,cash,restricted-youth,,
11405,10016,9/8/98 12:00:00 AM,238,check,tithes ,10305,
11406,10016,12/10/13 12:00:00 AM,500,card,building fund,,
11407,10016,2/24/79 12:00:00 AM,65,cash,church planting,,
11408,10016,5/27/12 12:00:00 AM,142,check,food bank,10308,
11409,10016,11/17/97 12:00:00 AM,336,card,general fund,,
11410,10016,1/13/85 12:00:00 AM,16,cash,missions,,
11411,10016,5/8/99 12:00:00 AM,42,check,restricted-youth,10311,
11412,10016,5/17/79 12:00:00 AM,13,card,tithes ,,
11413,10016,2/20/05 12:00:00 AM,266,cash,building fund,,
11414,10016,12/2/76 12:00:00 AM,377,check,church planting,10314,
11415,10016,1/25/13 12:00:00 AM,454,card,food bank,,
11416,10016,12/3/10 12:00:00 AM,184,cash,general fund,,
11417,10016,10/31/82 12:00:00 AM,395,check,missions,10317,
11418,10016,1/18/00 12:00:00 AM,316,card,restricted-youth,,
11419,10016,5/12/03 12:00:00 AM,387,cash,tithes ,,
11420,10016,1/26/95 12:00:00 AM,494,check,building fund,10320,
11421,10017,5/17/97 12:00:00 AM,469,card,church planting,,
11422,10017,3/21/02 12:00:00 AM,106,cash,food bank,,
11423,10017,1/15/84 12:00:00 AM,8,check,general fund,10323,
11424,10017,7/4/63 12:00:00 AM,428,card,missions,,
11425,10017,7/18/88 12:00:00 AM,235,cash,restricted-youth,,
11426,10017,6/4/96 12:00:00 AM,42,check,tithes ,10326,
11427,10017,2/26/62 12:00:00 AM,211,card,building fund,,
11428,10017,11/13/13 12:00:00 AM,187,cash,church planting,,
11429,10017,3/1/68 12:00:00 AM,489,check,food bank,10329,
11430,10017,1/30/70 12:00:00 AM,398,card,general fund,,
11431,10017,1/28/02 12:00:00 AM,121,cash,missions,,
11432,10017,8/11/15 12:00:00 AM,128,check,restricted-youth,10332,
11433,10017,12/15/08 12:00:00 AM,244,card,tithes ,,
11434,10017,1/26/60 12:00:00 AM,438,cash,building fund,,
11435,10017,9/19/67 12:00:00 AM,323,check,church planting,10335,
11436,10017,6/7/03 12:00:00 AM,61,card,food bank,,
11437,10017,5/9/62 12:00:00 AM,209,cash,general fund,,
11438,10017,1/10/75 12:00:00 AM,188,check,missions,10338,
11439,10017,3/13/69 12:00:00 AM,443,card,restricted-youth,,
11440,10017,11/6/10 12:00:00 AM,257,cash,tithes ,,
11441,10018,6/13/60 12:00:00 AM,121,check,building fund,10341,
11442,10018,5/13/10 12:00:00 AM,419,card,church planting,,
11443,10018,4/3/73 12:00:00 AM,378,cash,food bank,,
11444,10018,9/19/15 12:00:00 AM,203,check,general fund,10344,
11445,10018,3/6/15 12:00:00 AM,262,card,missions,,
11446,10018,8/13/74 12:00:00 AM,303,cash,restricted-youth,,
11447,10018,9/12/73 12:00:00 AM,453,check,tithes ,10347,
11448,10018,1/25/68 12:00:00 AM,412,card,building fund,,
11449,10018,9/2/07 12:00:00 AM,406,cash,church planting,,
11450,10018,9/9/00 12:00:00 AM,281,check,food bank,10350,
11451,10018,6/4/68 12:00:00 AM,199,card,general fund,,
11452,10018,5/12/00 12:00:00 AM,136,cash,missions,,
11453,10018,9/4/87 12:00:00 AM,278,check,restricted-youth,10353,
11454,10018,2/10/92 12:00:00 AM,411,card,tithes ,,
11455,10018,8/20/60 12:00:00 AM,392,cash,building fund,,
11456,10018,2/1/76 12:00:00 AM,96,check,church planting,10356,
11457,10018,9/17/67 12:00:00 AM,439,card,food bank,,
11458,10018,7/6/90 12:00:00 AM,483,cash,general fund,,
11459,10018,4/25/76 12:00:00 AM,465,check,missions,10359,
11460,10018,11/10/15 12:00:00 AM,328,card,restricted-youth,,
11461,10019,5/11/71 12:00:00 AM,136,cash,tithes ,,
11462,10019,4/22/77 12:00:00 AM,388,check,building fund,10362,
11463,10019,3/19/73 12:00:00 AM,72,card,church planting,,
11464,10019,4/1/70 12:00:00 AM,285,cash,food bank,,
11465,10019,1/25/90 12:00:00 AM,281,check,general fund,10365,
11466,10019,10/2/69 12:00:00 AM,202,card,missions,,
11467,10019,10/7/11 12:00:00 AM,14,cash,restricted-youth,,
11468,10019,10/30/91 12:00:00 AM,201,check,tithes ,10368,
11469,10019,12/3/00 12:00:00 AM,251,card,building fund,,
11470,10019,8/13/98 12:00:00 AM,232,cash,church planting,,
11471,10019,9/6/80 12:00:00 AM,100,check,food bank,10371,
11472,10019,9/13/01 12:00:00 AM,353,card,general fund,,
11473,10019,7/16/82 12:00:00 AM,458,cash,missions,,
11474,10019,11/29/84 12:00:00 AM,303,check,restricted-youth,10374,
11475,10019,4/5/84 12:00:00 AM,66,card,tithes ,,
11476,10019,3/6/99 12:00:00 AM,492,cash,building fund,,
11477,10019,4/28/70 12:00:00 AM,213,check,church planting,10377,
11478,10019,12/29/13 12:00:00 AM,219,card,food bank,,
11479,10019,2/17/71 12:00:00 AM,137,cash,general fund,,
11480,10019,12/23/12 12:00:00 AM,171,check,missions,10380,
11481,10020,8/7/79 12:00:00 AM,168,card,restricted-youth,,
11482,10020,2/22/78 12:00:00 AM,386,cash,tithes ,,
11483,10020,3/1/65 12:00:00 AM,258,check,building fund,10383,
11484,10020,2/11/66 12:00:00 AM,256,card,church planting,,
11485,10020,7/20/86 12:00:00 AM,3,cash,food bank,,
11486,10020,11/4/13 12:00:00 AM,232,check,general fund,10386,
11487,10020,8/18/05 12:00:00 AM,289,card,missions,,
11488,10020,2/21/76 12:00:00 AM,168,cash,restricted-youth,,
11489,10020,3/8/76 12:00:00 AM,411,check,tithes ,10389,
11490,10020,9/30/65 12:00:00 AM,302,card,building fund,,
11491,10020,7/21/77 12:00:00 AM,228,cash,church planting,,
11492,10020,9/4/64 12:00:00 AM,398,check,food bank,10392,
11493,10020,6/19/75 12:00:00 AM,137,card,general fund,,
11494,10020,6/18/63 12:00:00 AM,387,cash,missions,,
11495,10020,7/1/12 12:00:00 AM,328,check,restricted-youth,10395,
11496,10020,1/12/77 12:00:00 AM,64,card,tithes ,,
11497,10020,2/19/80 12:00:00 AM,493,cash,building fund,,
11498,10020,8/28/63 12:00:00 AM,113,check,church planting,10398,
11499,10020,10/23/15 12:00:00 AM,493,card,food bank,,
11500,10020,12/23/13 12:00:00 AM,141,cash,general fund,,
11501,10021,12/10/98 12:00:00 AM,489,check,missions,10401,
11502,10021,9/4/00 12:00:00 AM,8,card,restricted-youth,,
11503,10021,5/7/06 12:00:00 AM,22,cash,tithes ,,
11504,10021,7/28/04 12:00:00 AM,100,check,building fund,10404,
11505,10021,6/2/02 12:00:00 AM,14,card,church planting,,
11506,10021,2/18/80 12:00:00 AM,110,cash,food bank,,
11507,10021,1/3/14 12:00:00 AM,261,check,general fund,10407,
11508,10021,11/12/75 12:00:00 AM,45,card,missions,,
11509,10021,11/5/13 12:00:00 AM,335,cash,restricted-youth,,
11510,10021,7/25/13 12:00:00 AM,319,check,tithes ,10410,
11511,10021,2/20/06 12:00:00 AM,122,card,building fund,,
11512,10021,12/20/06 12:00:00 AM,191,cash,church planting,,
11513,10021,3/15/76 12:00:00 AM,412,check,food bank,10413,
11514,10021,11/16/79 12:00:00 AM,451,card,general fund,,
11515,10021,9/24/79 12:00:00 AM,388,cash,missions,,
11516,10021,6/9/87 12:00:00 AM,81,check,restricted-youth,10416,
11517,10021,4/9/65 12:00:00 AM,492,card,tithes ,,
11518,10021,9/1/90 12:00:00 AM,320,cash,building fund,,
11519,10021,10/12/03 12:00:00 AM,409,check,church planting,10419,
11520,10021,2/17/08 12:00:00 AM,288,card,food bank,,
11521,10022,1/23/79 12:00:00 AM,431,cash,general fund,,
11522,10022,7/16/61 12:00:00 AM,159,check,missions,10422,
11523,10022,8/7/84 12:00:00 AM,212,card,restricted-youth,,
11524,10022,3/14/06 12:00:00 AM,461,cash,tithes ,,
11525,10022,11/5/99 12:00:00 AM,265,check,building fund,10425,
11526,10022,8/21/06 12:00:00 AM,39,card,church planting,,
11527,10022,11/23/90 12:00:00 AM,73,cash,food bank,,
11528,10022,12/15/11 12:00:00 AM,191,check,general fund,10428,
11529,10022,11/16/76 12:00:00 AM,398,card,missions,,
11530,10022,9/11/75 12:00:00 AM,392,cash,restricted-youth,,
11531,10022,9/25/78 12:00:00 AM,129,check,tithes ,10431,
11532,10022,11/4/76 12:00:00 AM,195,card,building fund,,
11533,10022,7/17/11 12:00:00 AM,27,cash,church planting,,
11534,10022,7/18/07 12:00:00 AM,95,check,food bank,10434,
11535,10022,12/3/13 12:00:00 AM,444,card,general fund,,
11536,10022,11/22/09 12:00:00 AM,304,cash,missions,,
11537,10022,8/30/71 12:00:00 AM,469,check,restricted-youth,10437,
11538,10022,1/17/61 12:00:00 AM,351,card,tithes ,,
11539,10022,3/18/99 12:00:00 AM,74,cash,building fund,,
11540,10022,11/27/86 12:00:00 AM,14,check,church planting,10440,
11541,10023,2/24/12 12:00:00 AM,332,card,food bank,,
11542,10023,6/13/00 12:00:00 AM,429,cash,general fund,,
11543,10023,5/27/61 12:00:00 AM,390,check,missions,10443,
11544,10023,1/1/98 12:00:00 AM,324,card,restricted-youth,,
11545,10023,10/11/80 12:00:00 AM,444,cash,tithes ,,
11546,10023,8/9/00 12:00:00 AM,121,check,building fund,10446,
11547,10023,4/15/71 12:00:00 AM,256,card,church planting,,
11548,10023,1/24/99 12:00:00 AM,341,cash,food bank,,
11549,10023,5/15/10 12:00:00 AM,320,check,general fund,10449,
11550,10023,5/26/77 12:00:00 AM,486,card,missions,,
11551,10023,7/17/79 12:00:00 AM,278,cash,restricted-youth,,
11552,10023,6/18/66 12:00:00 AM,84,check,tithes ,10452,
11553,10023,4/24/99 12:00:00 AM,497,card,building fund,,
11554,10023,6/7/84 12:00:00 AM,290,cash,church planting,,
11555,10023,12/18/07 12:00:00 AM,131,check,food bank,10455,
11556,10023,7/3/03 12:00:00 AM,95,card,general fund,,
11557,10023,1/13/63 12:00:00 AM,105,cash,missions,,
11558,10023,1/6/07 12:00:00 AM,101,check,restricted-youth,10458,
11559,10023,3/19/03 12:00:00 AM,463,card,tithes ,,
11560,10023,7/18/72 12:00:00 AM,204,cash,building fund,,
11561,10024,6/8/12 12:00:00 AM,24,check,church planting,10461,
11562,10024,5/27/05 12:00:00 AM,297,card,food bank,,
11563,10024,5/4/97 12:00:00 AM,27,cash,general fund,,
11564,10024,6/13/62 12:00:00 AM,286,check,missions,10464,
11565,10024,9/16/02 12:00:00 AM,267,card,restricted-youth,,
11566,10024,2/25/74 12:00:00 AM,282,cash,tithes ,,
11567,10024,9/22/94 12:00:00 AM,467,check,building fund,10467,
11568,10024,11/9/03 12:00:00 AM,441,card,church planting,,
11569,10024,11/28/73 12:00:00 AM,158,cash,food bank,,
11570,10024,2/15/99 12:00:00 AM,478,check,general fund,10470,
11571,10024,7/24/89 12:00:00 AM,215,card,missions,,
11572,10024,11/11/09 12:00:00 AM,279,cash,restricted-youth,,
11573,10024,4/19/62 12:00:00 AM,421,check,tithes ,10473,
11574,10024,4/29/07 12:00:00 AM,154,card,building fund,,
11575,10024,1/31/76 12:00:00 AM,207,cash,church planting,,
11576,10024,5/15/90 12:00:00 AM,208,check,food bank,10476,
11577,10024,10/25/79 12:00:00 AM,333,card,general fund,,
11578,10024,11/30/82 12:00:00 AM,263,cash,missions,,
11579,10024,1/24/97 12:00:00 AM,451,check,restricted-youth,10479,
11580,10024,10/13/98 12:00:00 AM,307,card,tithes ,,
11581,10025,9/5/02 12:00:00 AM,436,cash,building fund,,
11582,10025,12/10/75 12:00:00 AM,76,check,church planting,10482,
11583,10025,11/11/61 12:00:00 AM,77,card,food bank,,
11584,10025,8/10/74 12:00:00 AM,228,cash,general fund,,
11585,10025,3/20/76 12:00:00 AM,34,check,missions,10485,
11586,10025,9/19/08 12:00:00 AM,284,card,restricted-youth,,
11587,10025,3/6/13 12:00:00 AM,340,cash,tithes ,,
11588,10025,9/25/71 12:00:00 AM,451,check,building fund,10488,
11589,10025,5/22/87 12:00:00 AM,336,card,church planting,,
11590,10025,8/26/01 12:00:00 AM,374,cash,food bank,,
11591,10025,5/22/13 12:00:00 AM,425,check,general fund,10491,
11592,10025,11/19/14 12:00:00 AM,175,card,missions,,
11593,10025,7/12/03 12:00:00 AM,363,cash,restricted-youth,,
11594,10025,7/6/89 12:00:00 AM,268,check,tithes ,10494,
11595,10025,6/24/10 12:00:00 AM,236,card,building fund,,
11596,10025,5/29/63 12:00:00 AM,357,cash,church planting,,
11597,10025,9/29/74 12:00:00 AM,349,check,food bank,10497,
11598,10025,8/21/61 12:00:00 AM,100,card,general fund,,
11599,10025,4/28/99 12:00:00 AM,155,cash,missions,,
11600,10025,1/9/67 12:00:00 AM,1000,cash,building fund,,
11601,10026,8/31/03 12:00:00 AM,2000,check,church planting,10501,
11602,10026,9/26/65 12:00:00 AM,20,card,food bank,,
11603,10026,7/26/75 12:00:00 AM,50,cash,general fund,,
11604,10026,7/23/71 12:00:00 AM,6000,check,missions,10504,
11605,10026,2/18/70 12:00:00 AM,5940,card,restricted-youth,,
11606,10026,3/25/62 12:00:00 AM,8438,cash,tithes ,,
11607,10026,3/26/61 12:00:00 AM,89120,check,building fund,10507,
11608,10026,8/21/90 12:00:00 AM,7294,card,church planting,,
11609,10026,10/21/12 12:00:00 AM,500,cash,food bank,,
11610,10026,12/9/91 12:00:00 AM,2092,check,general fund,10510,
11611,10026,3/21/07 12:00:00 AM,8138,card,missions,,
11612,10026,5/29/70 12:00:00 AM,19283,cash,restricted-youth,,
11613,10026,8/20/94 12:00:00 AM,84320,check,tithes ,10513,
11614,10026,5/7/61 12:00:00 AM,12,card,building fund,,
11615,10026,8/1/10 12:00:00 AM,18293,cash,church planting,,
11616,10026,6/20/88 12:00:00 AM,3274,check,food bank,10516,
11617,10026,10/22/92 12:00:00 AM,5894,card,general fund,,
11618,10026,8/9/00 12:00:00 AM,118,cash,missions,,
11619,10026,10/15/61 12:00:00 AM,23892,check,restricted-youth,10519,
11620,10026,5/23/92 12:00:00 AM,829,card,tithes ,,
11621,10027,9/13/85 12:00:00 AM,3729,cash,building fund,,
11622,10027,2/25/15 12:00:00 AM,389,check,church planting,10522,
11623,10027,6/7/13 12:00:00 AM,902,card,food bank,,
11624,10027,8/18/71 12:00:00 AM,3289.93,cash,general fund,,
11625,10027,1/9/68 12:00:00 AM,1921,check,missions,10525,
11626,10027,3/26/10 12:00:00 AM,48,card,restricted-youth,,
11627,10027,6/8/76 12:00:00 AM,3289,cash,tithes ,,
11628,10027,10/13/93 12:00:00 AM,6584,check,building fund,10528,
11629,10027,5/22/01 12:00:00 AM,90,card,church planting,,
11630,10027,5/1/72 12:00:00 AM,9382,cash,food bank,,
11631,10027,10/23/72 12:00:00 AM,622,check,general fund,10531,
11632,10027,11/23/81 12:00:00 AM,3912,card,missions,,
11633,10027,11/25/96 12:00:00 AM,85309,cash,restricted-youth,,
11634,10027,2/12/61 12:00:00 AM,283,check,tithes ,10534,
11635,10027,6/14/93 12:00:00 AM,389,card,building fund,,
11636,10027,8/11/68 12:00:00 AM,829,cash,church planting,,
11637,10027,3/12/06 12:00:00 AM,6279,check,food bank,10537,
11638,10027,9/5/79 12:00:00 AM,3904,card,general fund,,
11639,10027,6/23/67 12:00:00 AM,50917,cash,missions,,
11640,10027,9/18/81 12:00:00 AM,99258,check,restricted-youth,10540,
11641,10028,4/18/15 12:00:00 AM,45229,card,tithes ,,
11642,10028,7/14/77 12:00:00 AM,80614,cash,building fund,,
11643,10028,4/23/12 12:00:00 AM,3728,check,church planting,10543,
11644,10028,11/30/83 12:00:00 AM,79801,card,food bank,,
11645,10028,4/8/00 12:00:00 AM,97031,cash,general fund,,
11646,10028,8/7/73 12:00:00 AM,80196,check,missions,10546,
11647,10028,4/11/69 12:00:00 AM,72214,card,restricted-youth,,
11648,10028,4/21/93 12:00:00 AM,60945,cash,tithes ,,
11649,10028,11/16/64 12:00:00 AM,5403,check,building fund,10549,
11650,10028,10/22/76 12:00:00 AM,41861,card,church planting,,
11651,10028,11/1/63 12:00:00 AM,79593,cash,food bank,,
11652,10028,7/20/67 12:00:00 AM,39620,check,general fund,10552,
11653,10028,12/6/10 12:00:00 AM,17754,card,missions,,
11654,10028,1/12/10 12:00:00 AM,60592,cash,restricted-youth,,
11655,10028,7/28/81 12:00:00 AM,90674,check,tithes ,10555,
11656,10028,2/13/77 12:00:00 AM,27864,card,building fund,,
11657,10028,12/16/14 12:00:00 AM,27710,cash,church planting,,
11658,10028,2/7/65 12:00:00 AM,89439,check,food bank,10558,
11659,10028,12/8/79 12:00:00 AM,94472,card,general fund,,
11660,10028,6/25/91 12:00:00 AM,87,cash,missions,,
11661,10029,4/6/07 12:00:00 AM,36814,check,restricted-youth,10561,
11662,10029,7/4/98 12:00:00 AM,4086,card,tithes ,,
11663,10029,2/14/95 12:00:00 AM,57348,cash,building fund,,
11664,10029,8/10/86 12:00:00 AM,61472,check,church planting,10564,
11665,10029,1/29/01 12:00:00 AM,63866,card,food bank,,
11666,10029,11/16/72 12:00:00 AM,40258,cash,general fund,,
11667,10029,6/27/76 12:00:00 AM,59313,check,missions,10567,
11668,10029,6/18/11 12:00:00 AM,39746,card,restricted-youth,,
11669,10029,4/2/96 12:00:00 AM,6878,cash,tithes ,,
11670,10029,11/25/08 12:00:00 AM,14953,check,building fund,10570,
11671,10029,8/31/84 12:00:00 AM,6737,card,church planting,,
11672,10029,5/30/91 12:00:00 AM,81696,cash,food bank,,
11673,10029,5/8/01 12:00:00 AM,84172,check,general fund,10573,
11674,10029,9/23/03 12:00:00 AM,37194,card,missions,,
11675,10029,5/6/06 12:00:00 AM,43407,cash,restricted-youth,,
11676,10029,6/27/05 12:00:00 AM,78291,check,tithes ,10576,
11677,10029,4/11/98 12:00:00 AM,73883,card,building fund,,
11678,10029,6/17/99 12:00:00 AM,7209,cash,church planting,,
11679,10029,9/6/72 12:00:00 AM,8883,check,food bank,10579,
11680,10029,3/4/10 12:00:00 AM,36224,card,general fund,,
11681,10030,1/24/79 12:00:00 AM,5798,cash,missions,,
11682,10030,4/2/70 12:00:00 AM,92335,check,restricted-youth,10582,
11683,10030,2/28/78 12:00:00 AM,70194,card,tithes ,,
11684,10030,11/13/66 12:00:00 AM,68763,cash,building fund,,
11685,10030,3/22/95 12:00:00 AM,62902,check,church planting,10585,
11686,10030,1/10/68 12:00:00 AM,37632,card,food bank,,
11687,10030,3/22/80 12:00:00 AM,78447,cash,general fund,,
11688,10030,6/27/71 12:00:00 AM,18502,check,missions,10588,
11689,10030,6/18/88 12:00:00 AM,58149,card,restricted-youth,,
11690,10030,5/21/75 12:00:00 AM,27042,cash,tithes ,,
11691,10030,8/5/63 12:00:00 AM,53889,check,building fund,10591,
11692,10030,10/6/76 12:00:00 AM,86904,card,church planting,,
11693,10030,4/4/65 12:00:00 AM,210,cash,food bank,,
11694,10030,3/19/15 12:00:00 AM,85124,check,general fund,10594,
11695,10030,11/6/61 12:00:00 AM,23580,card,missions,,
11696,10030,5/2/05 12:00:00 AM,48608,cash,restricted-youth,,
11697,10030,2/17/63 12:00:00 AM,32337,check,tithes ,10597,
11698,10030,3/23/72 12:00:00 AM,70407,card,building fund,,
11699,10030,2/23/64 12:00:00 AM,57812,cash,church planting,,
11700,10030,4/9/98 12:00:00 AM,88393,check,food bank,10600,
11701,10031,8/5/63 12:00:00 AM,8356,card,general fund,,
11702,10031,1/28/99 12:00:00 AM,73278,cash,missions,,
11703,10031,7/7/12 12:00:00 AM,18109,check,restricted-youth,10603,
11704,10031,6/20/13 12:00:00 AM,78546,card,tithes ,,
11705,10031,9/6/63 12:00:00 AM,57771,cash,building fund,,
11706,10031,12/5/09 12:00:00 AM,3924,check,church planting,10606,
11707,10031,1/29/85 12:00:00 AM,24444,card,food bank,,
11708,10031,9/20/09 12:00:00 AM,1389,cash,general fund,,
11709,10031,9/20/88 12:00:00 AM,52601,check,missions,10609,
11710,10031,7/13/66 12:00:00 AM,32167,card,restricted-youth,,
11711,10031,7/12/90 12:00:00 AM,95584,cash,tithes ,,
11712,10031,1/9/08 12:00:00 AM,55988,check,building fund,10612,
11713,10031,10/3/92 12:00:00 AM,92369,card,church planting,,
11714,10031,2/5/93 12:00:00 AM,400,cash,food bank,,
11715,10031,5/14/02 12:00:00 AM,70903,check,general fund,10615,
11716,10031,4/19/93 12:00:00 AM,94783,card,missions,,
11717,10031,6/25/04 12:00:00 AM,88831,cash,restricted-youth,,
11718,10031,11/1/06 12:00:00 AM,95841,check,tithes ,10618,
11719,10031,4/3/93 12:00:00 AM,6603,card,building fund,,
11720,10031,4/8/04 12:00:00 AM,73058,cash,church planting,,
11721,10032,3/16/66 12:00:00 AM,89590,check,food bank,10621,
11722,10032,4/20/95 12:00:00 AM,56922,card,general fund,,
11723,10032,12/4/61 12:00:00 AM,60608,cash,missions,,
11724,10032,11/30/62 12:00:00 AM,500,check,restricted-youth,10624,
11725,10032,7/8/80 12:00:00 AM,99337,card,tithes ,,
11726,10032,2/25/75 12:00:00 AM,30743,cash,building fund,,
11727,10032,4/19/65 12:00:00 AM,85481,check,church planting,10627,
11728,10032,7/7/83 12:00:00 AM,40846,card,food bank,,
11729,10032,12/29/07 12:00:00 AM,95732,cash,general fund,,
11730,10032,4/24/75 12:00:00 AM,74780,check,missions,10630,
11731,10032,8/24/89 12:00:00 AM,27982,card,restricted-youth,,
11732,10032,2/5/77 12:00:00 AM,28728,cash,tithes ,,
11733,10032,1/5/68 12:00:00 AM,4648,check,building fund,10633,
11734,10032,10/20/82 12:00:00 AM,6843,card,church planting,,
11735,10032,2/22/05 12:00:00 AM,99789,cash,food bank,,
11736,10032,2/18/85 12:00:00 AM,81435,check,general fund,10636,
11737,10032,9/28/06 12:00:00 AM,73571,card,missions,,
11738,10032,8/20/08 12:00:00 AM,24770,cash,restricted-youth,,
11739,10032,10/12/12 12:00:00 AM,747,check,tithes ,10639,
11740,10032,9/27/69 12:00:00 AM,2847,card,building fund,,
11741,10033,5/30/63 12:00:00 AM,19556,cash,church planting,,
11742,10033,12/25/96 12:00:00 AM,16121,check,food bank,10642,
11743,10033,3/14/96 12:00:00 AM,31973,card,general fund,,
11744,10033,4/23/73 12:00:00 AM,89872,cash,missions,,
11745,10033,7/24/85 12:00:00 AM,90433,check,restricted-youth,10645,
11746,10033,9/21/05 12:00:00 AM,22540,card,tithes ,,
11747,10033,1/22/85 12:00:00 AM,58861,cash,building fund,,
11748,10033,9/3/63 12:00:00 AM,26334,check,church planting,10648,
11749,10033,2/8/73 12:00:00 AM,67,card,food bank,,
11750,10033,10/16/72 12:00:00 AM,1683,cash,general fund,,
11751,10033,1/9/09 12:00:00 AM,63270,check,missions,10651,
11752,10033,3/21/92 12:00:00 AM,56715,card,restricted-youth,,
11753,10033,6/4/10 12:00:00 AM,90,cash,tithes ,,
11754,10033,1/18/86 12:00:00 AM,55632,check,building fund,10654,
11755,10033,7/24/93 12:00:00 AM,77992,card,church planting,,
11756,10033,2/17/92 12:00:00 AM,69409,cash,food bank,,
11757,10033,8/1/70 12:00:00 AM,73647,check,general fund,10657,
11758,10033,3/21/61 12:00:00 AM,65364,card,missions,,
11759,10033,1/5/78 12:00:00 AM,83703,cash,restricted-youth,,
11760,10033,8/25/06 12:00:00 AM,76079,check,tithes ,10660,
11761,10034,10/29/84 12:00:00 AM,33315,card,building fund,,
11762,10034,10/1/81 12:00:00 AM,77279,cash,church planting,,
11763,10034,5/9/64 12:00:00 AM,35317,check,food bank,10663,
11764,10034,11/17/89 12:00:00 AM,31301,card,general fund,,
11765,10034,10/15/88 12:00:00 AM,91364,cash,missions,,
11766,10034,4/14/83 12:00:00 AM,62233,check,restricted-youth,10666,
11767,10034,1/11/84 12:00:00 AM,51475,card,tithes ,,
11768,10034,9/6/05 12:00:00 AM,7905,cash,building fund,,
11769,10034,4/8/81 12:00:00 AM,77625,check,church planting,10669,
11770,10034,2/19/01 12:00:00 AM,43049,card,food bank,,
11771,10034,2/17/60 12:00:00 AM,6204,cash,general fund,,
11772,10034,12/29/83 12:00:00 AM,5679,check,missions,10672,
11773,10034,3/20/69 12:00:00 AM,29085,card,restricted-youth,,
11774,10034,4/13/98 12:00:00 AM,99262,cash,tithes ,,
11775,10034,1/24/61 12:00:00 AM,80340,check,building fund,10675,
11776,10034,4/19/65 12:00:00 AM,70481,card,church planting,,
11777,10034,3/2/75 12:00:00 AM,58308,cash,food bank,,
11778,10034,6/25/93 12:00:00 AM,71649,check,general fund,10678,
11779,10034,4/29/03 12:00:00 AM,76934,card,missions,,
11780,10034,4/21/67 12:00:00 AM,58016,cash,restricted-youth,,
11781,10035,8/10/15 12:00:00 AM,8411,check,tithes ,10681,
11782,10035,11/1/88 12:00:00 AM,72863,card,building fund,,
11783,10035,8/21/78 12:00:00 AM,60743,cash,church planting,,
11784,10035,10/4/89 12:00:00 AM,45471,check,food bank,10684,
11785,10035,7/13/75 12:00:00 AM,43857,card,general fund,,
11786,10035,4/13/88 12:00:00 AM,70382,cash,missions,,
11787,10035,10/30/69 12:00:00 AM,95463,check,restricted-youth,10687,
11788,10035,10/31/93 12:00:00 AM,96381,card,tithes ,,
11789,10035,12/7/06 12:00:00 AM,43916,cash,building fund,,
11790,10035,4/1/64 12:00:00 AM,13149,check,church planting,10690,
11791,10035,5/28/06 12:00:00 AM,48301,card,food bank,,
11792,10035,10/20/88 12:00:00 AM,51623,cash,general fund,,
11793,10035,10/12/01 12:00:00 AM,90929,check,missions,10693,
11794,10035,7/24/91 12:00:00 AM,28940,card,restricted-youth,,
11795,10035,8/7/93 12:00:00 AM,8161,cash,tithes ,,
11796,10035,6/21/86 12:00:00 AM,49654,check,building fund,10696,
11797,10035,8/8/05 12:00:00 AM,80263,card,church planting,,
11798,10035,9/22/03 12:00:00 AM,58860,cash,food bank,,
11799,10035,3/21/08 12:00:00 AM,53914,check,general fund,10699,
11800,10035,10/18/95 12:00:00 AM,77406,card,missions,,
11801,10036,8/2/06 12:00:00 AM,13499,cash,restricted-youth,,
11802,10036,7/8/13 12:00:00 AM,80532,check,tithes ,10702,
11803,10036,8/4/92 12:00:00 AM,62459,card,building fund,,
11804,10036,2/15/72 12:00:00 AM,57065,cash,church planting,,
11805,10036,4/17/11 12:00:00 AM,41284,check,food bank,10705,
11806,10036,8/28/81 12:00:00 AM,99349,card,general fund,,
11807,10036,9/26/89 12:00:00 AM,5162,cash,missions,,
11808,10036,6/6/04 12:00:00 AM,30101,check,restricted-youth,10708,
11809,10036,6/20/74 12:00:00 AM,46356,card,tithes ,,
11810,10036,7/26/05 12:00:00 AM,58220,cash,building fund,,
11811,10036,9/15/01 12:00:00 AM,76677,check,church planting,10711,
11812,10036,3/6/84 12:00:00 AM,14851,card,food bank,,
11813,10036,7/23/87 12:00:00 AM,20545,cash,general fund,,
11814,10036,11/14/62 12:00:00 AM,91485,check,missions,10714,
11815,10036,3/2/08 12:00:00 AM,16232,card,restricted-youth,,
11816,10036,4/22/15 12:00:00 AM,19422,cash,tithes ,,
11817,10036,9/15/76 12:00:00 AM,99919,check,building fund,10717,
11818,10036,3/10/03 12:00:00 AM,87414,card,church planting,,
11819,10036,4/10/87 12:00:00 AM,65339,cash,food bank,,
11820,10036,3/12/12 12:00:00 AM,80110,check,general fund,10720,
11821,10037,4/2/70 12:00:00 AM,9023,card,missions,,
11822,10037,4/14/81 12:00:00 AM,77031,cash,restricted-youth,,
11823,10037,4/4/09 12:00:00 AM,99932,check,tithes ,10723,
11824,10037,5/3/12 12:00:00 AM,42135,card,building fund,,
11825,10037,8/8/15 12:00:00 AM,37586,cash,church planting,,
11826,10037,4/21/04 12:00:00 AM,7183,check,food bank,10726,
11827,10037,5/7/04 12:00:00 AM,45299,card,general fund,,
11828,10037,3/29/82 12:00:00 AM,79851,cash,missions,,
11829,10037,2/3/89 12:00:00 AM,37314,check,restricted-youth,10729,
11830,10037,4/15/02 12:00:00 AM,75149,card,tithes ,,
11831,10037,1/8/94 12:00:00 AM,51410,cash,building fund,,
11832,10037,6/24/12 12:00:00 AM,12126,check,church planting,10732,
11833,10037,6/21/06 12:00:00 AM,29543,card,food bank,,
11834,10037,1/18/86 12:00:00 AM,651,cash,general fund,,
11835,10037,8/22/06 12:00:00 AM,46495,check,missions,10735,
11836,10037,1/9/11 12:00:00 AM,56737,card,restricted-youth,,
11837,10037,2/13/62 12:00:00 AM,35655,cash,tithes ,,
11838,10037,9/13/76 12:00:00 AM,99618,check,building fund,10738,
11839,10037,3/26/66 12:00:00 AM,98933,card,church planting,,
11840,10037,8/3/76 12:00:00 AM,7541,cash,food bank,,
11841,10038,10/7/95 12:00:00 AM,88533,check,general fund,10741,
11842,10038,12/16/82 12:00:00 AM,52687,card,missions,,
11843,10038,8/30/87 12:00:00 AM,57839,cash,restricted-youth,,
11844,10038,7/30/62 12:00:00 AM,32120,check,tithes ,10744,
11845,10038,4/13/91 12:00:00 AM,65483,card,building fund,,
11846,10038,1/13/75 12:00:00 AM,52038,cash,church planting,,
11847,10038,12/20/74 12:00:00 AM,61379,check,food bank,10747,
11848,10038,12/25/75 12:00:00 AM,51247,card,general fund,,
11849,10038,4/7/82 12:00:00 AM,15736,cash,missions,,
11850,10038,9/11/11 12:00:00 AM,11293,check,restricted-youth,10750,
11851,10038,7/22/64 12:00:00 AM,38869,card,tithes ,,
11852,10038,9/10/77 12:00:00 AM,91159,cash,building fund,,
11853,10038,3/10/13 12:00:00 AM,63210,check,church planting,10753,
11854,10038,12/12/00 12:00:00 AM,53370,card,food bank,,
11855,10038,9/27/08 12:00:00 AM,93750,cash,general fund,,
11856,10038,11/24/67 12:00:00 AM,47682,check,missions,10756,
11857,10038,5/8/65 12:00:00 AM,91193,card,restricted-youth,,
11858,10038,1/21/71 12:00:00 AM,31108,cash,tithes ,,
11859,10038,12/4/65 12:00:00 AM,21203,check,building fund,10759,
11860,10038,7/19/75 12:00:00 AM,59184,card,church planting,,
11861,10039,10/26/81 12:00:00 AM,7518,cash,food bank,,
11862,10039,10/29/15 12:00:00 AM,24478,check,general fund,10762,
11863,10039,9/17/77 12:00:00 AM,35314,card,missions,,
11864,10039,8/3/93 12:00:00 AM,33822,cash,restricted-youth,,
11865,10039,1/14/82 12:00:00 AM,85693,check,tithes ,10765,
11866,10039,12/15/15 12:00:00 AM,3192,card,building fund,,
11867,10039,12/4/09 12:00:00 AM,18524,cash,church planting,,
11868,10039,1/22/04 12:00:00 AM,72706,check,food bank,10768,
11869,10039,11/13/85 12:00:00 AM,31976,card,general fund,,
11870,10039,1/13/61 12:00:00 AM,4691,cash,missions,,
11871,10039,7/20/60 12:00:00 AM,29643,check,restricted-youth,10771,
11872,10039,7/11/67 12:00:00 AM,9873,card,tithes ,,
11873,10039,4/26/00 12:00:00 AM,68035,cash,building fund,,
11874,10039,12/5/71 12:00:00 AM,57926,check,church planting,10774,
11875,10039,7/22/82 12:00:00 AM,76932,card,food bank,,
11876,10039,11/14/91 12:00:00 AM,37313,cash,general fund,,
11877,10039,4/16/03 12:00:00 AM,88528,check,missions,10777,
11878,10039,5/24/63 12:00:00 AM,78255,card,restricted-youth,,
11879,10039,9/22/80 12:00:00 AM,78497,cash,tithes ,,
11880,10039,9/24/90 12:00:00 AM,36611,check,building fund,10780,
11881,10040,6/8/95 12:00:00 AM,57115,card,church planting,,
11882,10040,1/9/09 12:00:00 AM,13818,cash,food bank,,
11883,10040,4/15/07 12:00:00 AM,74050,check,general fund,10783,
11884,10040,8/13/64 12:00:00 AM,21604,card,missions,,
11885,10040,11/9/80 12:00:00 AM,42120,cash,restricted-youth,,
11886,10040,1/6/70 12:00:00 AM,36942,check,tithes ,10786,
11887,10040,2/15/88 12:00:00 AM,97649,card,building fund,,
11888,10040,4/8/62 12:00:00 AM,24945,cash,church planting,,
11889,10040,7/24/89 12:00:00 AM,63464,check,food bank,10789,
11890,10040,5/19/91 12:00:00 AM,63324,card,general fund,,
11891,10040,8/3/07 12:00:00 AM,81469,cash,missions,,
11892,10040,9/26/65 12:00:00 AM,86697,check,restricted-youth,10792,
11893,10040,1/1/92 12:00:00 AM,85623,card,tithes ,,
11894,10040,4/18/82 12:00:00 AM,38688,cash,building fund,,
11895,10040,8/9/89 12:00:00 AM,57610,check,church planting,10795,
11896,10040,10/21/04 12:00:00 AM,89050,card,food bank,,
11897,10040,10/16/95 12:00:00 AM,8037,cash,general fund,,
11898,10040,7/6/63 12:00:00 AM,34042,check,missions,10798,
11899,10040,7/21/66 12:00:00 AM,87636,card,restricted-youth,,
11900,10040,8/14/97 12:00:00 AM,15695,cash,tithes ,,
11901,10041,3/26/67 12:00:00 AM,33653,check,building fund,10801,
11902,10041,5/30/95 12:00:00 AM,3962,card,church planting,,
11903,10041,5/19/95 12:00:00 AM,88191,cash,food bank,,
11904,10041,2/24/68 12:00:00 AM,10599,check,general fund,10804,
11905,10041,7/30/63 12:00:00 AM,55529,card,missions,,
11906,10041,7/24/07 12:00:00 AM,40637,cash,restricted-youth,,
11907,10041,7/31/74 12:00:00 AM,94260,check,tithes ,10807,
11908,10041,1/2/94 12:00:00 AM,14523,card,building fund,,
11909,10041,6/7/92 12:00:00 AM,32726,cash,church planting,,
11910,10041,5/6/60 12:00:00 AM,21327,check,food bank,10810,
11911,10041,10/9/84 12:00:00 AM,85828,card,general fund,,
11912,10041,2/18/64 12:00:00 AM,47340,cash,missions,,
11913,10041,2/6/66 12:00:00 AM,52257,check,restricted-youth,10813,
11914,10041,12/9/76 12:00:00 AM,22547,card,tithes ,,
11915,10041,12/26/62 12:00:00 AM,95616,cash,building fund,,
11916,10041,1/16/68 12:00:00 AM,43217,check,church planting,10816,
11917,10041,6/19/81 12:00:00 AM,27786,card,food bank,,
11918,10041,4/4/67 12:00:00 AM,90663,cash,general fund,,
11919,10041,10/16/09 12:00:00 AM,11667,check,missions,10819,
11920,10041,11/11/63 12:00:00 AM,81139,card,restricted-youth,,
11921,10042,8/6/13 12:00:00 AM,66783,cash,tithes ,,
11922,10042,2/28/90 12:00:00 AM,12601,check,building fund,10822,
11923,10042,5/7/81 12:00:00 AM,12149,card,church planting,,
11924,10042,12/8/89 12:00:00 AM,13829,cash,food bank,,
11925,10042,1/19/04 12:00:00 AM,27012,check,general fund,10825,
11926,10042,2/15/76 12:00:00 AM,28852,card,missions,,
11927,10042,10/4/84 12:00:00 AM,57654,cash,restricted-youth,,
11928,10042,10/24/98 12:00:00 AM,7136,check,tithes ,10828,
11929,10042,10/26/66 12:00:00 AM,5078,card,building fund,,
11930,10042,7/6/65 12:00:00 AM,81518,cash,church planting,,
11931,10042,5/5/96 12:00:00 AM,51081,check,food bank,10831,
11932,10042,11/23/64 12:00:00 AM,66949,card,general fund,,
11933,10042,4/3/85 12:00:00 AM,55933,cash,missions,,
11934,10042,1/2/69 12:00:00 AM,93545,check,restricted-youth,10834,
11935,10042,3/30/68 12:00:00 AM,6283,card,tithes ,,
11936,10042,12/25/91 12:00:00 AM,1158,cash,building fund,,
11937,10042,7/21/90 12:00:00 AM,17349,check,church planting,10837,
11938,10042,1/31/67 12:00:00 AM,20970,card,food bank,,
11939,10042,7/27/89 12:00:00 AM,85941,cash,general fund,,
11940,10042,10/4/80 12:00:00 AM,75999,check,missions,10840,
11941,10043,1/25/72 12:00:00 AM,2108,card,restricted-youth,,
11942,10043,2/25/16 12:00:00 AM,17728,cash,tithes ,,
11943,10043,11/17/15 12:00:00 AM,74642,check,building fund,10843,
11944,10043,12/19/91 12:00:00 AM,92985,card,church planting,,
11945,10043,1/16/15 12:00:00 AM,14853,cash,food bank,,
11946,10043,10/30/97 12:00:00 AM,21212,check,general fund,10846,
11947,10043,5/31/99 12:00:00 AM,681,card,missions,,
11948,10043,3/4/78 12:00:00 AM,5465,cash,restricted-youth,,
11949,10043,11/24/77 12:00:00 AM,99606,check,tithes ,10849,
11950,10043,10/19/66 12:00:00 AM,73452,card,building fund,,
11951,10043,1/15/79 12:00:00 AM,75970,cash,church planting,,
11952,10043,2/9/74 12:00:00 AM,71450,check,food bank,10852,
11953,10043,1/27/68 12:00:00 AM,1104,card,general fund,,
11954,10043,6/21/98 12:00:00 AM,74409,cash,missions,,
11955,10043,3/18/86 12:00:00 AM,29884,check,restricted-youth,10855,
11956,10043,9/12/04 12:00:00 AM,57052,card,tithes ,,
11957,10043,5/11/06 12:00:00 AM,40764,cash,building fund,,
11958,10043,11/12/89 12:00:00 AM,92381,check,church planting,10858,
11959,10043,10/28/60 12:00:00 AM,55600,card,food bank,,
11960,10043,1/10/75 12:00:00 AM,74420,cash,general fund,,
11961,10044,8/15/79 12:00:00 AM,68893,check,missions,10861,
11962,10044,7/15/81 12:00:00 AM,81651,card,restricted-youth,,
11963,10044,4/4/66 12:00:00 AM,46036,cash,tithes ,,
11964,10044,4/10/67 12:00:00 AM,56344,check,building fund,10864,
11965,10044,8/23/07 12:00:00 AM,51481,card,church planting,,
11966,10044,9/30/96 12:00:00 AM,97348,cash,food bank,,
11967,10044,4/21/69 12:00:00 AM,91,check,general fund,10867,
11968,10044,9/11/11 12:00:00 AM,17616,card,missions,,
11969,10044,2/4/97 12:00:00 AM,11525,cash,restricted-youth,,
11970,10044,11/12/15 12:00:00 AM,93921,check,tithes ,10870,
11971,10044,4/16/88 12:00:00 AM,30180,card,building fund,,
11972,10044,10/5/05 12:00:00 AM,41048,cash,church planting,,
11973,10044,11/26/73 12:00:00 AM,98675,check,food bank,10873,
11974,10044,6/4/94 12:00:00 AM,18898,card,general fund,,
11975,10044,12/24/93 12:00:00 AM,48872,cash,missions,,
11976,10044,6/16/06 12:00:00 AM,64688,check,restricted-youth,10876,
11977,10044,4/13/65 12:00:00 AM,76210,card,tithes ,,
11978,10044,6/16/92 12:00:00 AM,67445,cash,building fund,,
11979,10044,1/2/86 12:00:00 AM,36147,check,church planting,10879,
11980,10044,4/3/87 12:00:00 AM,13722,card,food bank,,
11981,10045,5/14/74 12:00:00 AM,2060,cash,general fund,,
11982,10045,3/27/74 12:00:00 AM,33605,check,missions,10882,
11983,10045,11/14/81 12:00:00 AM,14227,card,restricted-youth,,
11984,10045,12/22/86 12:00:00 AM,84257,cash,tithes ,,
11985,10045,1/17/04 12:00:00 AM,80705,check,building fund,10885,
11986,10045,4/25/96 12:00:00 AM,79463,card,church planting,,
11987,10045,11/23/13 12:00:00 AM,79765,cash,food bank,,
11988,10045,12/23/92 12:00:00 AM,5006,check,general fund,10888,
11989,10045,3/31/98 12:00:00 AM,41091,card,missions,,
11990,10045,7/2/11 12:00:00 AM,19529,cash,restricted-youth,,
11991,10045,8/31/83 12:00:00 AM,17813,check,tithes ,10891,
11992,10045,8/21/69 12:00:00 AM,9297,card,building fund,,
11993,10045,10/8/97 12:00:00 AM,10802,cash,church planting,,
11994,10045,6/11/82 12:00:00 AM,37676,check,food bank,10894,
11995,10045,3/8/97 12:00:00 AM,36087,card,general fund,,
11996,10045,4/11/85 12:00:00 AM,93159,cash,missions,,
11997,10045,5/10/12 12:00:00 AM,14862,check,restricted-youth,10897,
11998,10045,5/7/79 12:00:00 AM,32970,card,tithes ,,
11999,10045,1/7/05 12:00:00 AM,98793,cash,building fund,,
12000,10045,9/19/13 12:00:00 AM,14584,check,church planting,10900,
12001,10046,2/24/15 12:00:00 AM,32632,card,food bank,,
12002,10046,6/20/11 12:00:00 AM,54023,cash,general fund,,
12003,10046,1/1/92 12:00:00 AM,40719,check,missions,10903,
12004,10046,3/7/79 12:00:00 AM,98805,card,restricted-youth,,
12005,10046,2/17/10 12:00:00 AM,85875,cash,tithes ,,
12006,10046,3/23/65 12:00:00 AM,3035,check,building fund,10906,
12007,10046,7/12/92 12:00:00 AM,66507,card,church planting,,
12008,10046,7/3/80 12:00:00 AM,72643,cash,food bank,,
12009,10046,12/14/87 12:00:00 AM,95884,check,general fund,10909,
12010,10046,6/3/08 12:00:00 AM,33842,card,missions,,
12011,10046,7/29/09 12:00:00 AM,22147,cash,restricted-youth,,
12012,10046,6/13/98 12:00:00 AM,1662,check,tithes ,10912,
12013,10046,1/16/06 12:00:00 AM,59824,card,building fund,,
12014,10046,7/8/02 12:00:00 AM,56268,cash,church planting,,
12015,10046,3/17/75 12:00:00 AM,7253,check,food bank,10915,
12016,10046,10/14/84 12:00:00 AM,24985,card,general fund,,
12017,10046,11/19/12 12:00:00 AM,26889,cash,missions,,
12018,10046,8/17/03 12:00:00 AM,27093,check,restricted-youth,10918,
12019,10046,6/14/77 12:00:00 AM,6409,card,tithes ,,
12020,10046,7/21/05 12:00:00 AM,8343,cash,building fund,,
12021,10047,6/7/07 12:00:00 AM,89920,check,church planting,10921,
12022,10047,12/20/92 12:00:00 AM,18809,card,food bank,,
12023,10047,6/27/00 12:00:00 AM,12940,cash,general fund,,
12024,10047,9/5/06 12:00:00 AM,76482,check,missions,10924,
12025,10047,11/8/86 12:00:00 AM,67482,card,restricted-youth,,
12026,10047,12/19/98 12:00:00 AM,49463,cash,tithes ,,
12027,10047,10/9/13 12:00:00 AM,56143,check,building fund,10927,
12028,10047,8/26/98 12:00:00 AM,95400,card,church planting,,
12029,10047,10/16/70 12:00:00 AM,16570,cash,food bank,,
12030,10047,1/7/01 12:00:00 AM,48825,check,general fund,10930,
12031,10047,1/22/86 12:00:00 AM,99956,card,missions,,
12032,10047,3/19/97 12:00:00 AM,85267,cash,restricted-youth,,
12033,10047,3/7/75 12:00:00 AM,64284,check,tithes ,10933,
12034,10047,6/5/81 12:00:00 AM,11946,card,building fund,,
12035,10047,8/11/03 12:00:00 AM,49852,cash,church planting,,
12036,10047,11/24/97 12:00:00 AM,61612,check,food bank,10936,
12037,10047,1/30/83 12:00:00 AM,47792,card,general fund,,
12038,10047,2/27/91 12:00:00 AM,49226,cash,missions,,
12039,10047,7/2/99 12:00:00 AM,11717,check,restricted-youth,10939,
12040,10047,2/25/15 12:00:00 AM,20075,card,tithes ,,
12041,10048,3/21/81 12:00:00 AM,86735,cash,building fund,,
12042,10048,7/2/90 12:00:00 AM,48965,check,church planting,10942,
12043,10048,6/5/68 12:00:00 AM,78478,card,food bank,,
12044,10048,8/18/08 12:00:00 AM,85955,cash,general fund,,
12045,10048,1/12/97 12:00:00 AM,83540,check,missions,10945,
12046,10048,12/26/88 12:00:00 AM,60791,card,restricted-youth,,
12047,10048,7/7/00 12:00:00 AM,11197,cash,tithes ,,
12048,10048,3/13/00 12:00:00 AM,95102,check,building fund,10948,
12049,10048,1/12/15 12:00:00 AM,44426,card,church planting,,
12050,10048,11/19/81 12:00:00 AM,93236,cash,food bank,,
12051,10048,4/26/63 12:00:00 AM,81271,check,general fund,10951,
12052,10048,12/10/84 12:00:00 AM,60536,card,missions,,
12053,10048,2/7/03 12:00:00 AM,55360,cash,restricted-youth,,
12054,10048,11/4/14 12:00:00 AM,77666,check,tithes ,10954,
12055,10048,3/5/07 12:00:00 AM,24928,card,building fund,,
12056,10048,10/21/03 12:00:00 AM,75346,cash,church planting,,
12057,10048,7/9/00 12:00:00 AM,66499,check,food bank,10957,
12058,10048,11/14/97 12:00:00 AM,34427,card,general fund,,
12059,10048,1/10/93 12:00:00 AM,28224,cash,missions,,
12060,10048,9/23/69 12:00:00 AM,57431,check,restricted-youth,10960,
12061,10049,3/5/83 12:00:00 AM,707,card,tithes ,,
12062,10049,3/10/65 12:00:00 AM,14321,cash,building fund,,
12063,10049,11/6/04 12:00:00 AM,89504,check,church planting,10963,
12064,10049,2/25/80 12:00:00 AM,39349,card,food bank,,
12065,10049,7/17/61 12:00:00 AM,23719,cash,general fund,,
12066,10049,5/9/07 12:00:00 AM,54795,check,missions,10966,
12067,10049,5/24/99 12:00:00 AM,40170,card,restricted-youth,,
12068,10049,8/9/60 12:00:00 AM,37684,cash,tithes ,,
12069,10049,5/4/01 12:00:00 AM,21770,check,building fund,10969,
12070,10049,2/13/73 12:00:00 AM,2274,card,church planting,,
12071,10049,2/8/96 12:00:00 AM,32843,cash,food bank,,
12072,10049,5/4/61 12:00:00 AM,66669,check,general fund,10972,
12073,10049,3/12/15 12:00:00 AM,74812,card,missions,,
12074,10049,8/19/13 12:00:00 AM,87872,cash,restricted-youth,,
12075,10049,9/16/61 12:00:00 AM,73073,check,tithes ,10975,
12076,10049,5/2/75 12:00:00 AM,18336,card,building fund,,
12077,10049,4/17/06 12:00:00 AM,83300,cash,church planting,,
12078,10049,12/9/13 12:00:00 AM,41025,check,food bank,10978,
12079,10049,4/29/86 12:00:00 AM,39646,card,general fund,,
12080,10049,12/14/92 12:00:00 AM,19771,cash,missions,,
12081,10050,11/7/14 12:00:00 AM,34221,check,restricted-youth,10981,
12082,10050,6/15/00 12:00:00 AM,63399,card,tithes ,,
12083,10050,5/19/76 12:00:00 AM,29214,cash,building fund,,
12084,10050,9/25/08 12:00:00 AM,26316,check,church planting,10984,
12085,10050,1/5/92 12:00:00 AM,87885,card,food bank,,
12086,10050,2/4/94 12:00:00 AM,68563,cash,general fund,,
12087,10050,3/5/68 12:00:00 AM,64724,check,missions,10987,
12088,10050,4/29/99 12:00:00 AM,19095,card,restricted-youth,,
12089,10050,6/12/70 12:00:00 AM,79930,cash,tithes ,,
12090,10050,7/15/69 12:00:00 AM,9492,check,building fund,10990,
12091,10050,8/26/86 12:00:00 AM,97024,card,church planting,,
12092,10050,4/29/06 12:00:00 AM,65654,cash,food bank,,
12093,10050,7/6/76 12:00:00 AM,82945,check,general fund,10993,
12094,10050,7/7/95 12:00:00 AM,90680,card,missions,,
12095,10050,5/14/91 12:00:00 AM,14011,cash,restricted-youth,,
12096,10050,3/5/62 12:00:00 AM,58160,check,tithes ,10996,
12097,10050,9/14/85 12:00:00 AM,71094,card,building fund,,
12098,10050,10/7/67 12:00:00 AM,61883,cash,church planting,,
12099,10050,5/12/02 12:00:00 AM,60887,check,food bank,10999,
12100,10050,12/19/60 12:00:00 AM,5000,cash,missions,,
12101,10001,12/18/14 12:00:00 AM,500,,Food Bank,13421,In honor of Mary Gibbons.
12070,10049,2/13/73 12:00:00 AM,2274,card,church planting,,
12071,10049,2/8/96 12:00:00 AM,32843,cash,food bank,,
12072,10049,5/4/61 12:00:00 AM,66669,check,general fund,10972,
12073,10049,3/12/15 12:00:00 AM,74812,card,missions,,
12074,10049,8/19/13 12:00:00 AM,87872,cash,restricted-youth,,
12075,10049,9/16/61 12:00:00 AM,73073,check,tithes ,10975,
12076,10049,5/2/75 12:00:00 AM,18336,card,building fund,,
12077,10049,4/17/06 12:00:00 AM,83300,cash,church planting,,
12078,10049,12/9/13 12:00:00 AM,41025,check,food bank,10978,
12079,10049,4/29/86 12:00:00 AM,39646,card,general fund,,
12080,10049,12/14/92 12:00:00 AM,19771,cash,missions,,
12081,10050,11/7/14 12:00:00 AM,34221,check,restricted-youth,10981,
12082,10050,6/15/00 12:00:00 AM,63399,card,tithes ,,
12083,10050,5/19/76 12:00:00 AM,29214,cash,building fund,,
12084,10050,9/25/08 12:00:00 AM,26316,check,church planting,10984,
12085,10050,1/5/92 12:00:00 AM,87885,card,food bank,,
12086,10050,2/4/94 12:00:00 AM,68563,cash,general fund,,
12087,10050,3/5/68 12:00:00 AM,64724,check,missions,10987,
12088,10050,4/29/99 12:00:00 AM,19095,card,restricted-youth,,
12089,10050,6/12/70 12:00:00 AM,79930,cash,tithes ,,
12090,10050,7/15/69 12:00:00 AM,9492,check,building fund,10990,
12091,10050,8/26/86 12:00:00 AM,97024,card,church planting,,
12092,10050,4/29/06 12:00:00 AM,65654,cash,food bank,,
12093,10050,7/6/76 12:00:00 AM,82945,check,general fund,10993,
12094,10050,7/7/95 12:00:00 AM,90680,card,missions,,
12095,10050,5/14/91 12:00:00 AM,14011,cash,restricted-youth,,
12096,10050,3/5/62 12:00:00 AM,58160,check,tithes ,10996,
12097,10050,9/14/85 12:00:00 AM,71094,card,building fund,,
12098,10050,10/7/67 12:00:00 AM,61883,cash,church planting,,
12099,10050,5/12/02 12:00:00 AM,60887,check,food bank,10999,
12100,10050,12/19/60 12:00:00 AM,5000,cash,missions,,
12103,10001,12/18/14 12:00:00 AM,500,Cash,Food Bank,13421,In honor of Mary Gibbons.
12104,10001,12/18/2014 12:00:00 AM,500,Cash,Food Bank,13421,In honor of Mary Gibbons.
12105,10001,12/18/2014 12:00:00 AM,500,Cash,Food Bank,13421,In honor of Mary Gibbons.
12106,10001,12/18/2014 12:00:00 AM,500,Cash,Food Bank,13421,In honor of Mary Gibbons.
12107,10001,12/18/2014 12:00:00 AM,500,Cash,Food Bank,13421,In honor of Mary Gibbons.
12108,10001,12/18/2014 12:00:00 AM,500,Cash,Food Bank,13421,In honor of Mary Gibbons.
12109,10001,12/18/2014 12:00:00 AM,500,Cash,Food Bank,13421,In honor of Mary Gibbons.
