11101,2,6/23/1985,$389.00 ,cash,general fund,
11102,2,4/14/1982,$232.00 ,check,missions,10002
11103,2,2/8/1976,$63.00 ,card,restricted-youth,
11104,2,3/21/1976,$383.00 ,cash,tithes ,
11105,2,2/14/1967,$48.00 ,check,building fund,10005
11106,2,5/4/1997,$54.00 ,card,church planting,
11107,2,6/25/2006,$46.00 ,cash,food bank,
11108,2,5/26/2014,$83.00 ,check,general fund,10008
11109,2,7/30/1974,$341.00 ,card,missions,
11110,2,1/9/1984,$377.00 ,cash,restricted-youth,
11111,2,9/26/1963,$254.00 ,check,tithes ,10011
11112,2,4/22/1981,$199.00 ,card,building fund,
11113,2,12/21/1975,$334.00 ,cash,church planting,
11114,2,2/19/1976,$274.00 ,check,food bank,10014
11115,2,1/4/1964,$65.00 ,card,general fund,
11116,2,7/13/1967,$419.00 ,cash,missions,
11117,2,3/7/1984,$103.00 ,check,restricted-youth,10017
11118,2,5/12/1979,$267.00 ,card,tithes ,
11119,2,8/4/2009,$423.00 ,cash,building fund,
11120,2,12/24/1973,$12.00 ,check,church planting,10020
11121,2,11/18/1988,$331.00 ,card,food bank,
11122,2,2/6/1994,$145.00 ,cash,general fund,
11123,2,8/1/1969,$351.00 ,check,missions,10023
11124,2,4/22/1967,$453.00 ,card,restricted-youth,
11125,2,2/15/1983,$292.00 ,cash,tithes ,
11126,2,11/8/1989,$431.00 ,check,building fund,10026
11127,2,8/8/2001,$187.00 ,card,church planting,
11128,2,7/9/2012,$160.00 ,cash,food bank,
11129,2,8/12/2012,$214.00 ,check,general fund,10029
11130,2,10/27/1998,$384.00 ,card,missions,
11131,2,12/28/1987,$430.00 ,cash,restricted-youth,
11132,2,6/26/2000,$269.00 ,check,tithes ,10032
11133,2,4/5/1961,$55.00 ,card,building fund,
11134,2,11/9/1998,$352.00 ,cash,church planting,
11135,2,12/23/2005,$382.00 ,check,food bank,10035
11136,2,5/12/1999,$200.00 ,card,general fund,
11137,2,10/8/1964,$9.00 ,cash,missions,
11138,2,6/24/1962,$232.00 ,check,restricted-youth,10038
11139,2,12/18/1996,$193.00 ,card,tithes ,
11140,2,1/28/1964,$331.00 ,cash,building fund,
11141,2,3/30/1986,$496.00 ,check,church planting,10041
11142,2,11/15/2013,$85.00 ,card,food bank,
11143,2,11/5/2002,$435.00 ,cash,general fund,
11144,2,9/26/1972,$436.00 ,check,missions,10044
11145,2,12/30/1976,$275.00 ,card,restricted-youth,
11146,2,8/1/2008,$196.00 ,cash,tithes ,
11147,2,11/17/2012,$134.00 ,check,building fund,10047
11148,2,7/13/1998,$200.00 ,card,church planting,
11149,2,7/16/1980,$349.00 ,cash,food bank,
11150,2,2/24/2016,$475.00 ,check,general fund,10050
11151,2,9/14/2005,$242.00 ,card,missions,
11152,2,12/2/1974,$326.00 ,cash,restricted-youth,
11153,2,12/29/1998,$412.00 ,check,tithes ,10053
11154,2,7/31/2013,$102.00 ,card,building fund,
11155,2,3/11/1988,$388.00 ,cash,church planting,
11156,2,1/10/2007,$81.00 ,check,food bank,10056
11157,2,9/6/1996,$61.00 ,card,general fund,
11158,2,2/3/1995,$485.00 ,cash,missions,
11159,2,1/1/1990,$10.00 ,check,restricted-youth,10059
11160,2,2/21/1996,$195.00 ,card,tithes ,
11161,2,6/8/1980,$217.00 ,cash,building fund,
11162,2,5/27/2009,$236.00 ,check,church planting,10062
11163,2,6/23/2002,$78.00 ,card,food bank,
11164,2,6/2/1982,$162.00 ,cash,general fund,
11165,2,2/17/1961,$272.00 ,check,missions,10065
11166,2,7/17/2015,$65.00 ,card,restricted-youth,
11167,2,1/28/1972,$155.00 ,cash,tithes ,
11168,2,9/6/2011,$407.00 ,check,building fund,10068
11169,2,6/14/1969,$117.00 ,card,church planting,
11170,2,7/25/1988,$109.00 ,cash,food bank,
11171,2,10/4/2012,$80.00 ,check,general fund,10071
11172,2,4/15/2011,$30.00 ,card,missions,
11173,2,6/29/1993,$81.00 ,cash,restricted-youth,
11174,2,2/4/1974,$179.00 ,check,tithes ,10074
11175,2,1/28/1999,$5.00 ,card,building fund,
11176,2,5/1/1998,$256.00 ,cash,church planting,
11177,2,2/25/1994,$215.00 ,check,food bank,10077
11178,2,3/13/1994,$432.00 ,card,general fund,
11179,2,4/2/1976,$299.00 ,cash,missions,
11180,2,3/30/1994,$485.00 ,check,restricted-youth,10080
11181,2,5/6/2001,$12.00 ,card,tithes ,
11182,2,8/26/2014,$68.00 ,cash,building fund,
11183,2,6/17/1980,$468.00 ,check,church planting,10083
11184,2,6/17/2012,$128.00 ,card,food bank,
11185,2,3/25/1992,$339.00 ,cash,general fund,
11186,2,4/22/1968,$488.00 ,check,missions,10086
11187,2,6/4/1969,$14.00 ,card,restricted-youth,
11188,2,4/13/1984,$19.00 ,cash,tithes ,
11189,2,6/16/1960,$124.00 ,check,building fund,10089
11190,2,6/29/2015,$295.00 ,card,church planting,
11191,2,4/16/2004,$152.00 ,cash,food bank,
11192,2,7/17/1982,$417.00 ,check,general fund,10092
11193,2,12/1/1996,$301.00 ,card,missions,
11194,2,8/23/1961,$470.00 ,cash,restricted-youth,
11195,2,6/6/1968,$420.00 ,check,tithes ,10095
11196,2,4/2/1999,$481.00 ,card,building fund,
11197,2,11/14/1976,$393.00 ,cash,church planting,
11198,2,4/12/1960,$423.00 ,check,food bank,10098
11199,2,9/16/1993,$309.00 ,card,general fund,
11200,2,11/1/2013,$385.00 ,cash,missions,
11201,2,4/19/1973,$297.00 ,check,restricted-youth,10101
11202,2,11/20/1988,$243.00 ,card,tithes ,
11203,2,2/2/1998,$194.00 ,cash,building fund,
11204,2,8/14/1961,$157.00 ,check,church planting,10104
11205,2,11/20/1967,$211.00 ,card,food bank,
11206,2,9/19/2002,$410.00 ,cash,general fund,
11207,2,1/12/1967,$335.00 ,check,missions,10107
11208,2,11/26/2004,$436.00 ,card,restricted-youth,
11209,2,8/26/1997,$46.00 ,cash,tithes ,
11210,2,7/6/1977,$104.00 ,check,building fund,10110
11211,2,4/28/1996,$223.00 ,card,church planting,
11212,2,8/25/1972,$269.00 ,cash,food bank,
11213,2,9/20/2010,$394.00 ,check,general fund,10113
11214,2,5/13/1975,$214.00 ,card,missions,
11215,2,11/4/1961,$347.00 ,cash,restricted-youth,
11216,2,7/1/1995,$121.00 ,check,tithes ,10116
11217,2,5/14/1967,$84.00 ,card,building fund,
11218,2,5/1/2014,$104.00 ,cash,church planting,
11219,2,8/31/1974,$151.00 ,check,food bank,10119
11220,2,6/23/1969,$484.00 ,card,general fund,
11221,2,9/22/2014,$357.00 ,cash,missions,
11222,2,8/4/2013,$275.00 ,check,restricted-youth,10122
11223,2,7/21/2001,$149.00 ,card,tithes ,
11224,2,5/25/2009,$477.00 ,cash,building fund,
11225,2,12/24/1968,$136.00 ,check,church planting,10125
11226,2,8/31/1962,$478.00 ,card,food bank,
11227,2,4/14/2002,$246.00 ,cash,general fund,
11228,2,4/8/2006,$370.00 ,check,missions,10128
11229,2,9/9/2003,$48.00 ,card,restricted-youth,
11230,2,8/17/2003,$77.00 ,cash,tithes ,
11231,2,2/21/1999,$35.00 ,check,building fund,10131
11232,2,10/5/1960,$449.00 ,card,church planting,
11233,2,7/4/1977,$13.00 ,cash,food bank,
11234,2,1/8/1993,$275.00 ,check,general fund,10134
11235,2,10/20/1981,$106.00 ,card,missions,
11236,2,11/3/2010,$479.00 ,cash,restricted-youth,
11237,2,4/9/1974,$385.00 ,check,tithes ,10137
11238,2,12/11/1990,$276.00 ,card,building fund,
11239,2,7/1/1990,$352.00 ,cash,church planting,
11240,2,9/18/1966,$14.00 ,check,food bank,10140
11241,2,7/3/2007,$117.00 ,card,general fund,
11242,2,1/13/1984,$325.00 ,cash,missions,
11243,2,2/19/2000,$344.00 ,check,restricted-youth,10143
11244,2,3/18/1977,$482.00 ,card,tithes ,
11245,2,8/19/1964,$441.00 ,cash,building fund,
11246,2,11/1/1997,$114.00 ,check,church planting,10146
11247,2,12/25/1995,$306.00 ,card,food bank,
11248,2,2/10/1977,$291.00 ,cash,general fund,
11249,2,7/11/2006,$291.00 ,check,missions,10149
11250,2,7/19/2010,$434.00 ,card,restricted-youth,
11251,2,3/3/1969,$214.00 ,cash,tithes ,
11252,2,10/25/2007,$286.00 ,check,building fund,10152
11253,2,4/20/2007,$265.00 ,card,church planting,
11254,2,10/5/1977,$233.00 ,cash,food bank,
11255,2,8/7/1962,$110.00 ,check,general fund,10155
11256,2,8/18/1981,$403.00 ,card,missions,
11257,2,7/3/1967,$464.00 ,cash,restricted-youth,
11258,2,1/18/1983,$123.00 ,check,tithes ,10158
11259,2,10/6/2014,$485.00 ,card,building fund,
11260,2,8/27/2014,$299.00 ,cash,church planting,
11261,2,5/2/1967,$219.00 ,check,food bank,10161
11262,2,3/11/2014,$329.00 ,card,general fund,
11263,2,9/21/2000,$39.00 ,cash,missions,
11264,2,7/25/1995,$53.00 ,check,restricted-youth,10164
11265,2,7/24/2006,$433.00 ,card,tithes ,
11266,2,6/20/1979,$263.00 ,cash,building fund,
11267,2,8/22/1979,$25.00 ,check,church planting,10167
11268,2,9/19/2007,$383.00 ,card,food bank,
11269,2,9/11/1990,$6.00 ,cash,general fund,
11270,2,5/15/1966,$266.00 ,check,missions,10170
11271,2,9/1/1967,$99.00 ,card,restricted-youth,
11272,2,10/21/1995,$168.00 ,cash,tithes ,
11273,2,6/5/1990,$182.00 ,check,building fund,10173
11274,2,3/2/1970,$145.00 ,card,church planting,
11275,2,9/4/1974,$166.00 ,cash,food bank,
11276,2,7/17/1979,$228.00 ,check,general fund,10176
11277,2,11/14/2007,$395.00 ,card,missions,
11278,2,9/14/1978,$35.00 ,cash,restricted-youth,
11279,2,4/21/1966,$267.00 ,check,tithes ,10179
11280,2,1/5/1981,$485.00 ,card,building fund,
11281,2,12/31/1987,$105.00 ,cash,church planting,
11282,2,7/10/1978,$385.00 ,check,food bank,10182
11283,2,3/23/2012,$367.00 ,card,general fund,
11284,2,12/17/1979,$379.00 ,cash,missions,
11285,2,12/28/1987,$476.00 ,check,restricted-youth,10185
11286,2,6/27/1981,$46.00 ,card,tithes ,
11287,2,11/16/1985,$353.00 ,cash,building fund,
11288,2,6/6/2012,$110.00 ,check,church planting,10188
11289,2,5/25/1990,$253.00 ,card,food bank,
11290,2,1/25/1983,$343.00 ,cash,general fund,
11291,2,11/23/1979,$269.00 ,check,missions,10191
11292,2,1/30/1987,$292.00 ,card,restricted-youth,
11293,2,4/23/1966,$431.00 ,cash,tithes ,
11294,2,4/8/1981,$404.00 ,check,building fund,10194
11295,2,6/18/1996,$310.00 ,card,church planting,
11296,2,2/17/1979,$278.00 ,cash,food bank,
11297,2,10/12/1965,$381.00 ,check,general fund,10197
11298,2,1/17/1965,$161.00 ,card,missions,
11299,2,12/26/2011,$338.00 ,cash,restricted-youth,
11300,2,5/11/1967,$1.00 ,check,tithes ,10200
11301,2,5/31/2010,$214.00 ,card,building fund,
11302,2,2/18/1997,$234.00 ,cash,church planting,
11303,2,12/26/1971,$141.00 ,check,food bank,10203
11304,2,5/18/1962,$349.00 ,card,general fund,
11305,2,6/26/1965,$8.00 ,cash,missions,
11306,2,11/13/1972,$497.00 ,check,restricted-youth,10206
11307,2,7/9/2012,$334.00 ,card,tithes ,
11308,2,8/7/1975,$29.00 ,cash,building fund,
11309,2,7/10/1963,$301.00 ,check,church planting,10209
11310,2,10/1/1993,$48.00 ,card,food bank,
11311,2,1/26/1972,$495.00 ,cash,general fund,
11312,2,11/1/1969,$399.00 ,check,missions,10212
11313,2,11/16/1970,$210.00 ,card,restricted-youth,
11314,2,7/31/2005,$431.00 ,cash,tithes ,
11315,2,2/4/1962,$437.00 ,check,building fund,10215
11316,2,2/22/1985,$456.00 ,card,church planting,
11317,2,8/29/1965,$355.00 ,cash,food bank,
11318,2,4/3/1967,$395.00 ,check,general fund,10218
11319,2,9/30/1998,$243.00 ,card,missions,
11320,2,2/23/1968,$151.00 ,cash,restricted-youth,
11321,2,3/20/1986,$408.00 ,check,tithes ,10221
11322,2,12/2/1996,$220.00 ,card,building fund,
11323,2,8/20/1969,$297.00 ,cash,church planting,
11324,2,11/17/1970,$190.00 ,check,food bank,10224
11325,2,7/6/1961,$81.00 ,card,general fund,
11326,2,3/28/2001,$96.00 ,cash,missions,
11327,2,7/26/2000,$363.00 ,check,restricted-youth,10227
11328,2,4/24/1990,$324.00 ,card,tithes ,
11329,2,12/29/1988,$158.00 ,cash,building fund,
11330,2,12/19/1969,$328.00 ,check,church planting,10230
11331,2,11/28/1964,$318.00 ,card,food bank,
11332,2,11/16/1960,$360.00 ,cash,general fund,
11333,2,10/17/1980,$394.00 ,check,missions,10233
11334,2,4/11/1960,$148.00 ,card,restricted-youth,
11335,2,10/25/1974,$445.00 ,cash,tithes ,
11336,2,12/27/1969,$129.00 ,check,building fund,10236
11337,2,7/12/1987,$250.00 ,card,church planting,
11338,2,2/20/1996,$404.00 ,cash,food bank,
11339,2,10/5/1964,$30.00 ,check,general fund,10239
11340,2,2/14/1971,$112.00 ,card,missions,
11341,2,6/11/1976,$478.00 ,cash,restricted-youth,
11342,2,5/18/2015,$376.00 ,check,tithes ,10242
11343,2,9/19/1997,$393.00 ,card,building fund,
11344,2,2/10/2011,$187.00 ,cash,church planting,
11345,2,6/9/2009,$345.00 ,check,food bank,10245
11346,2,4/6/2001,$189.00 ,card,general fund,
11347,2,11/20/1984,$30.00 ,cash,missions,
11348,2,2/3/2000,$13.00 ,check,restricted-youth,10248
11349,2,3/19/1965,$461.00 ,card,tithes ,
11350,2,1/19/1977,$285.00 ,cash,building fund,
11351,2,10/26/1977,$235.00 ,check,church planting,10251
11352,2,9/4/2007,$381.00 ,card,food bank,
11353,2,7/26/2013,$202.00 ,cash,general fund,
11354,2,5/20/1960,$326.00 ,check,missions,10254
11355,2,9/22/1999,$463.00 ,card,restricted-youth,
11356,2,12/7/1998,$130.00 ,cash,tithes ,
11357,2,2/20/1979,$399.00 ,check,building fund,10257
11358,2,1/26/2010,$265.00 ,card,church planting,
11359,2,7/31/1965,$191.00 ,cash,food bank,
11360,2,11/9/2013,$324.00 ,check,general fund,10260
11361,2,9/23/1994,$182.00 ,card,missions,
11362,2,11/23/1995,$310.00 ,cash,restricted-youth,
11363,2,4/24/1975,$279.00 ,check,tithes ,10263
11364,2,8/5/1996,$88.00 ,card,building fund,
11365,2,1/12/2011,$295.00 ,cash,church planting,
11366,2,6/10/1971,$465.00 ,check,food bank,10266
11367,2,1/10/1996,$324.00 ,card,general fund,
11368,2,1/28/1970,$252.00 ,cash,missions,
11369,2,12/22/1992,$35.00 ,check,restricted-youth,10269
11370,2,12/17/1988,$312.00 ,card,tithes ,
11371,2,1/14/1982,$245.00 ,cash,building fund,
11372,2,11/14/1963,$266.00 ,check,church planting,10272
11373,2,3/3/2011,$41.00 ,card,food bank,
11374,2,9/23/1975,$485.00 ,cash,general fund,
11375,2,6/15/2000,$485.00 ,check,missions,10275
11376,2,2/27/1985,$83.00 ,card,restricted-youth,
11377,2,6/26/1992,$155.00 ,cash,tithes ,
11378,2,8/22/1971,$286.00 ,check,building fund,10278
11379,2,6/26/1971,$56.00 ,card,church planting,
11380,2,10/31/1977,$5.00 ,cash,food bank,
11381,2,8/30/1964,$453.00 ,check,general fund,10281
11382,2,2/15/1963,$333.00 ,card,missions,
11383,2,9/12/1974,$130.00 ,cash,restricted-youth,
11384,2,7/19/2000,$416.00 ,check,tithes ,10284
11385,2,8/30/2010,$221.00 ,card,building fund,
11386,2,12/4/1994,$222.00 ,cash,church planting,
11387,2,2/8/1969,$59.00 ,check,food bank,10287
11388,2,10/21/2012,$153.00 ,card,general fund,
11389,2,7/15/1984,$122.00 ,cash,missions,
11390,2,2/20/1962,$96.00 ,check,restricted-youth,10290
11391,2,9/10/2001,$421.00 ,card,tithes ,
11392,2,10/19/1988,$285.00 ,cash,building fund,
11393,2,9/9/2012,$94.00 ,check,church planting,10293
11394,2,1/19/1993,$316.00 ,card,food bank,
11395,2,2/15/1997,$86.00 ,cash,general fund,
11396,2,8/22/1989,$229.00 ,check,missions,10296
11397,2,11/6/2002,$447.00 ,card,restricted-youth,
11398,2,9/24/1983,$470.00 ,cash,tithes ,
11399,2,5/22/1994,$295.00 ,check,building fund,10299
11400,2,5/9/1979,$137.00 ,card,church planting,
11401,2,11/9/1976,$381.00 ,cash,food bank,
11402,2,4/5/1990,$363.00 ,check,general fund,10302
11403,2,1/27/2015,$11.00 ,card,missions,
11404,2,3/4/2000,$360.00 ,cash,restricted-youth,
11405,2,9/8/1998,$238.00 ,check,tithes ,10305
11406,2,12/10/2013,$500.00 ,card,building fund,
11407,2,2/24/1979,$65.00 ,cash,church planting,
11408,2,5/27/2012,$142.00 ,check,food bank,10308
11409,2,11/17/1997,$336.00 ,card,general fund,
11410,2,1/13/1985,$16.00 ,cash,missions,
11411,2,5/8/1999,$42.00 ,check,restricted-youth,10311
11412,2,5/17/1979,$13.00 ,card,tithes ,
11413,2,2/20/2005,$266.00 ,cash,building fund,
11414,2,12/2/1976,$377.00 ,check,church planting,10314
11415,2,1/25/2013,$454.00 ,card,food bank,
11416,2,12/3/2010,$184.00 ,cash,general fund,
11417,2,10/31/1982,$395.00 ,check,missions,10317
11418,2,1/18/2000,$316.00 ,card,restricted-youth,
11419,2,5/12/2003,$387.00 ,cash,tithes ,
11420,2,1/26/1995,$494.00 ,check,building fund,10320
11421,2,5/17/1997,$469.00 ,card,church planting,
11422,2,3/21/2002,$106.00 ,cash,food bank,
11423,2,1/15/1984,$8.00 ,check,general fund,10323
11424,2,7/4/1963,$428.00 ,card,missions,
11425,2,7/18/1988,$235.00 ,cash,restricted-youth,
11426,2,6/4/1996,$42.00 ,check,tithes ,10326
11427,2,2/26/1962,$211.00 ,card,building fund,
11428,2,11/13/2013,$187.00 ,cash,church planting,
11429,2,3/1/1968,$489.00 ,check,food bank,10329
11430,2,1/30/1970,$398.00 ,card,general fund,
11431,2,1/28/2002,$121.00 ,cash,missions,
11432,2,8/11/2015,$128.00 ,check,restricted-youth,10332
11433,2,12/15/2008,$244.00 ,card,tithes ,
11434,2,1/26/1960,$438.00 ,cash,building fund,
11435,2,9/19/1967,$323.00 ,check,church planting,10335
11436,2,6/7/2003,$61.00 ,card,food bank,
11437,2,5/9/1962,$209.00 ,cash,general fund,
11438,2,1/10/1975,$188.00 ,check,missions,10338
11439,2,3/13/1969,$443.00 ,card,restricted-youth,
11440,2,11/6/2010,$257.00 ,cash,tithes ,
11441,2,6/13/1960,$121.00 ,check,building fund,10341
11442,2,5/13/2010,$419.00 ,card,church planting,
11443,2,4/3/1973,$378.00 ,cash,food bank,
11444,2,9/19/2015,$203.00 ,check,general fund,10344
11445,2,3/6/2015,$262.00 ,card,missions,
11446,2,8/13/1974,$303.00 ,cash,restricted-youth,
11447,2,9/12/1973,$453.00 ,check,tithes ,10347
11448,2,1/25/1968,$412.00 ,card,building fund,
11449,2,9/2/2007,$406.00 ,cash,church planting,
11450,2,9/9/2000,$281.00 ,check,food bank,10350
11451,2,6/4/1968,$199.00 ,card,general fund,
11452,2,5/12/2000,$136.00 ,cash,missions,
11453,2,9/4/1987,$278.00 ,check,restricted-youth,10353
11454,2,2/10/1992,$411.00 ,card,tithes ,
11455,2,8/20/1960,$392.00 ,cash,building fund,
11456,2,2/1/1976,$96.00 ,check,church planting,10356
11457,2,9/17/1967,$439.00 ,card,food bank,
11458,2,7/6/1990,$483.00 ,cash,general fund,
11459,2,4/25/1976,$465.00 ,check,missions,10359
11460,2,11/10/2015,$328.00 ,card,restricted-youth,
11461,2,5/11/1971,$136.00 ,cash,tithes ,
11462,2,4/22/1977,$388.00 ,check,building fund,10362
11463,2,3/19/1973,$72.00 ,card,church planting,
11464,2,4/1/1970,$285.00 ,cash,food bank,
11465,2,1/25/1990,$281.00 ,check,general fund,10365
11466,2,10/2/1969,$202.00 ,card,missions,
11467,2,10/7/2011,$14.00 ,cash,restricted-youth,
11468,2,10/30/1991,$201.00 ,check,tithes ,10368
11469,2,12/3/2000,$251.00 ,card,building fund,
11470,2,8/13/1998,$232.00 ,cash,church planting,
11471,2,9/6/1980,$100.00 ,check,food bank,10371
11472,2,9/13/2001,$353.00 ,card,general fund,
11473,2,7/16/1982,$458.00 ,cash,missions,
11474,2,11/29/1984,$303.00 ,check,restricted-youth,10374
11475,2,4/5/1984,$66.00 ,card,tithes ,
11476,2,3/6/1999,$492.00 ,cash,building fund,
11477,2,4/28/1970,$213.00 ,check,church planting,10377
11478,2,12/29/2013,$219.00 ,card,food bank,
11479,2,2/17/1971,$137.00 ,cash,general fund,
11480,2,12/23/2012,$171.00 ,check,missions,10380
11481,2,8/7/1979,$168.00 ,card,restricted-youth,
11482,2,2/22/1978,$386.00 ,cash,tithes ,
11483,2,3/1/1965,$258.00 ,check,building fund,10383
11484,2,2/11/1966,$256.00 ,card,church planting,
11485,2,7/20/1986,$3.00 ,cash,food bank,
11486,2,11/4/2013,$232.00 ,check,general fund,10386
11487,2,8/18/2005,$289.00 ,card,missions,
11488,2,2/21/1976,$168.00 ,cash,restricted-youth,
11489,2,3/8/1976,$411.00 ,check,tithes ,10389
11490,2,9/30/1965,$302.00 ,card,building fund,
11491,2,7/21/1977,$228.00 ,cash,church planting,
11492,2,9/4/1964,$398.00 ,check,food bank,10392
11493,2,6/19/1975,$137.00 ,card,general fund,
11494,2,6/18/1963,$387.00 ,cash,missions,
11495,2,7/1/2012,$328.00 ,check,restricted-youth,10395
11496,2,1/12/1977,$64.00 ,card,tithes ,
11497,2,2/19/1980,$493.00 ,cash,building fund,
11498,2,8/28/1963,$113.00 ,check,church planting,10398
11499,2,10/23/2015,$493.00 ,card,food bank,
11500,2,12/23/2013,$141.00 ,cash,general fund,
11501,2,12/10/1998,$489.00 ,check,missions,10401
11502,2,9/4/2000,$8.00 ,card,restricted-youth,
11503,2,5/7/2006,$22.00 ,cash,tithes ,
11504,2,7/28/2004,$100.00 ,check,building fund,10404
11505,2,6/2/2002,$14.00 ,card,church planting,
11506,2,2/18/1980,$110.00 ,cash,food bank,
11507,2,1/3/2014,$261.00 ,check,general fund,10407
11508,2,11/12/1975,$45.00 ,card,missions,
11509,2,11/5/2013,$335.00 ,cash,restricted-youth,
11510,2,7/25/2013,$319.00 ,check,tithes ,10410
11511,2,2/20/2006,$122.00 ,card,building fund,
11512,2,12/20/2006,$191.00 ,cash,church planting,
11513,2,3/15/1976,$412.00 ,check,food bank,10413
11514,2,11/16/1979,$451.00 ,card,general fund,
11515,2,9/24/1979,$388.00 ,cash,missions,
11516,2,6/9/1987,$81.00 ,check,restricted-youth,10416
11517,2,4/9/1965,$492.00 ,card,tithes ,
11518,2,9/1/1990,$320.00 ,cash,building fund,
11519,2,10/12/2003,$409.00 ,check,church planting,10419
11520,2,2/17/2008,$288.00 ,card,food bank,
11521,2,1/23/1979,$431.00 ,cash,general fund,
11522,2,7/16/1961,$159.00 ,check,missions,10422
11523,2,8/7/1984,$212.00 ,card,restricted-youth,
11524,2,3/14/2006,$461.00 ,cash,tithes ,
11525,2,11/5/1999,$265.00 ,check,building fund,10425
11526,2,8/21/2006,$39.00 ,card,church planting,
11527,2,11/23/1990,$73.00 ,cash,food bank,
11528,2,12/15/2011,$191.00 ,check,general fund,10428
11529,2,11/16/1976,$398.00 ,card,missions,
11530,2,9/11/1975,$392.00 ,cash,restricted-youth,
11531,2,9/25/1978,$129.00 ,check,tithes ,10431
11532,2,11/4/1976,$195.00 ,card,building fund,
11533,2,7/17/2011,$27.00 ,cash,church planting,
11534,2,7/18/2007,$95.00 ,check,food bank,10434
11535,2,12/3/2013,$444.00 ,card,general fund,
11536,2,11/22/2009,$304.00 ,cash,missions,
11537,2,8/30/1971,$469.00 ,check,restricted-youth,10437
11538,2,1/17/1961,$351.00 ,card,tithes ,
11539,2,3/18/1999,$74.00 ,cash,building fund,
11540,2,11/27/1986,$14.00 ,check,church planting,10440
11541,2,2/24/2012,$332.00 ,card,food bank,
11542,2,6/13/2000,$429.00 ,cash,general fund,
11543,2,5/27/1961,$390.00 ,check,missions,10443
11544,2,1/1/1998,$324.00 ,card,restricted-youth,
11545,2,10/11/1980,$444.00 ,cash,tithes ,
11546,2,8/9/2000,$121.00 ,check,building fund,10446
11547,2,4/15/1971,$256.00 ,card,church planting,
11548,2,1/24/1999,$341.00 ,cash,food bank,
11549,2,5/15/2010,$320.00 ,check,general fund,10449
11550,2,5/26/1977,$486.00 ,card,missions,
11551,2,7/17/1979,$278.00 ,cash,restricted-youth,
11552,2,6/18/1966,$84.00 ,check,tithes ,10452
11553,2,4/24/1999,$497.00 ,card,building fund,
11554,2,6/7/1984,$290.00 ,cash,church planting,
11555,2,12/18/2007,$131.00 ,check,food bank,10455
11556,2,7/3/2003,$95.00 ,card,general fund,
11557,2,1/13/1963,$105.00 ,cash,missions,
11558,2,1/6/2007,$101.00 ,check,restricted-youth,10458
11559,2,3/19/2003,$463.00 ,card,tithes ,
11560,2,7/18/1972,$204.00 ,cash,building fund,
11561,2,6/8/2012,$24.00 ,check,church planting,10461
11562,2,5/27/2005,$297.00 ,card,food bank,
11563,2,5/4/1997,$27.00 ,cash,general fund,
11564,2,6/13/1962,$286.00 ,check,missions,10464
11565,2,9/16/2002,$267.00 ,card,restricted-youth,
11566,2,2/25/1974,$282.00 ,cash,tithes ,
11567,2,9/22/1994,$467.00 ,check,building fund,10467
11568,2,11/9/2003,$441.00 ,card,church planting,
11569,2,11/28/1973,$158.00 ,cash,food bank,
11570,2,2/15/1999,$478.00 ,check,general fund,10470
11571,2,7/24/1989,$215.00 ,card,missions,
11572,2,11/11/2009,$279.00 ,cash,restricted-youth,
11573,2,4/19/1962,$421.00 ,check,tithes ,10473
11574,2,4/29/2007,$154.00 ,card,building fund,
11575,2,1/31/1976,$207.00 ,cash,church planting,
11576,2,5/15/1990,$208.00 ,check,food bank,10476
11577,2,10/25/1979,$333.00 ,card,general fund,
11578,2,11/30/1982,$263.00 ,cash,missions,
11579,2,1/24/1997,$451.00 ,check,restricted-youth,10479
11580,2,10/13/1998,$307.00 ,card,tithes ,
11581,2,9/5/2002,$436.00 ,cash,building fund,
11582,2,12/10/1975,$76.00 ,check,church planting,10482
11583,2,11/11/1961,$77.00 ,card,food bank,
11584,2,8/10/1974,$228.00 ,cash,general fund,
11585,2,3/20/1976,$34.00 ,check,missions,10485
11586,2,9/19/2008,$284.00 ,card,restricted-youth,
11587,2,3/6/2013,$340.00 ,cash,tithes ,
11588,2,9/25/1971,$451.00 ,check,building fund,10488
11589,2,5/22/1987,$336.00 ,card,church planting,
11590,2,8/26/2001,$374.00 ,cash,food bank,
11591,2,5/22/2013,$425.00 ,check,general fund,10491
11592,2,11/19/2014,$175.00 ,card,missions,
11593,2,7/12/2003,$363.00 ,cash,restricted-youth,
11594,2,7/6/1989,$268.00 ,check,tithes ,10494
11595,2,6/24/2010,$236.00 ,card,building fund,
11596,2,5/29/1963,$357.00 ,cash,church planting,
11597,2,9/29/1974,$349.00 ,check,food bank,10497
11598,2,8/21/1961,$100.00 ,card,general fund,
11599,2,4/28/1999,$155.00 ,cash,missions,
11600,2,1/9/1967,"$1,000.00 ",cash,building fund,
11601,2,8/31/2003,"$2,000.00 ",check,church planting,10501
11602,2,9/26/1965,$20.00 ,card,food bank,
11603,2,7/26/1975,$50.00 ,cash,general fund,
11604,2,7/23/1971,"$6,000.00 ",check,missions,10504
11605,2,2/18/1970,"$5,940.00 ",card,restricted-youth,
11606,2,3/25/1962,"$8,438.00 ",cash,tithes ,
11607,2,3/26/1961,"$89,120.00 ",check,building fund,10507
11608,2,8/21/1990,"$7,294.00 ",card,church planting,
11609,2,10/21/2012,$500.00 ,cash,food bank,
11610,2,12/9/1991,"$2,092.00 ",check,general fund,10510
11611,2,3/21/2007,"$8,138.00 ",card,missions,
11612,2,5/29/1970,"$19,283.00 ",cash,restricted-youth,
11613,2,8/20/1994,"$84,320.00 ",check,tithes ,10513
11614,2,5/7/1961,$12.00 ,card,building fund,
11615,2,8/1/2010,"$18,293.00 ",cash,church planting,
11616,2,6/20/1988,"$3,274.00 ",check,food bank,10516
11617,2,10/22/1992,"$5,894.00 ",card,general fund,
11618,2,8/9/2000,$118.00 ,cash,missions,
11619,2,10/15/1961,"$23,892.00 ",check,restricted-youth,10519
11620,2,5/23/1992,$829.00 ,card,tithes ,
11621,2,9/13/1985,"$3,729.00 ",cash,building fund,
11622,2,2/25/2015,$389.00 ,check,church planting,10522
11623,2,6/7/2013,$902.00 ,card,food bank,
11624,2,8/18/1971,"$3,289.93 ",cash,general fund,
11625,2,1/9/1968,"$1,921.00 ",check,missions,10525
11626,2,3/26/2010,$48.00 ,card,restricted-youth,
11627,2,6/8/1976,"$3,289.00 ",cash,tithes ,
11628,2,10/13/1993,"$6,584.00 ",check,building fund,10528
11629,2,5/22/2001,$90.00 ,card,church planting,
11630,2,5/1/1972,"$9,382.00 ",cash,food bank,
11631,2,10/23/1972,$622.00 ,check,general fund,10531
11632,2,11/23/1981,"$3,912.00 ",card,missions,
11633,2,11/25/1996,"$85,309.00 ",cash,restricted-youth,
11634,2,2/12/1961,$283.00 ,check,tithes ,10534
11635,2,6/14/1993,$389.00 ,card,building fund,
11636,2,8/11/1968,$829.00 ,cash,church planting,
11637,2,3/12/2006,"$6,279.00 ",check,food bank,10537
11638,2,9/5/1979,"$3,904.00 ",card,general fund,
11639,2,6/23/1967,"$50,917.00 ",cash,missions,
11640,2,9/18/1981,"$99,258.00 ",check,restricted-youth,10540
11641,2,4/18/2015,"$45,229.00 ",card,tithes ,
11642,2,7/14/1977,"$80,614.00 ",cash,building fund,
11643,2,4/23/2012,"$3,728.00 ",check,church planting,10543
11644,2,11/30/1983,"$79,801.00 ",card,food bank,
11645,2,4/8/2000,"$97,031.00 ",cash,general fund,
11646,2,8/7/1973,"$80,196.00 ",check,missions,10546
11647,2,4/11/1969,"$72,214.00 ",card,restricted-youth,
11648,2,4/21/1993,"$60,945.00 ",cash,tithes ,
11649,2,11/16/1964,"$5,403.00 ",check,building fund,10549
11650,2,10/22/1976,"$41,861.00 ",card,church planting,
11651,2,11/1/1963,"$79,593.00 ",cash,food bank,
11652,2,7/20/1967,"$39,620.00 ",check,general fund,10552
11653,2,12/6/2010,"$17,754.00 ",card,missions,
11654,2,1/12/2010,"$60,592.00 ",cash,restricted-youth,
11655,2,7/28/1981,"$90,674.00 ",check,tithes ,10555
11656,2,2/13/1977,"$27,864.00 ",card,building fund,
11657,2,12/16/2014,"$27,710.00 ",cash,church planting,
11658,2,2/7/1965,"$89,439.00 ",check,food bank,10558
11659,2,12/8/1979,"$94,472.00 ",card,general fund,
11660,2,6/25/1991,$87.00 ,cash,missions,
11661,2,4/6/2007,"$36,814.00 ",check,restricted-youth,10561
11662,2,7/4/1998,"$4,086.00 ",card,tithes ,
11663,2,2/14/1995,"$57,348.00 ",cash,building fund,
11664,2,8/10/1986,"$61,472.00 ",check,church planting,10564
11665,2,1/29/2001,"$63,866.00 ",card,food bank,
11666,2,11/16/1972,"$40,258.00 ",cash,general fund,
11667,2,6/27/1976,"$59,313.00 ",check,missions,10567
11668,2,6/18/2011,"$39,746.00 ",card,restricted-youth,
11669,2,4/2/1996,"$6,878.00 ",cash,tithes ,
11670,2,11/25/2008,"$14,953.00 ",check,building fund,10570
11671,2,8/31/1984,"$6,737.00 ",card,church planting,
11672,2,5/30/1991,"$81,696.00 ",cash,food bank,
11673,2,5/8/2001,"$84,172.00 ",check,general fund,10573
11674,2,9/23/2003,"$37,194.00 ",card,missions,
11675,2,5/6/2006,"$43,407.00 ",cash,restricted-youth,
11676,2,6/27/2005,"$78,291.00 ",check,tithes ,10576
11677,2,4/11/1998,"$73,883.00 ",card,building fund,
11678,2,6/17/1999,"$7,209.00 ",cash,church planting,
11679,2,9/6/1972,"$8,883.00 ",check,food bank,10579
11680,2,3/4/2010,"$36,224.00 ",card,general fund,
11681,2,1/24/1979,"$5,798.00 ",cash,missions,
11682,2,4/2/1970,"$92,335.00 ",check,restricted-youth,10582
11683,2,2/28/1978,"$70,194.00 ",card,tithes ,
11684,2,11/13/1966,"$68,763.00 ",cash,building fund,
11685,2,3/22/1995,"$62,902.00 ",check,church planting,10585
11686,2,1/10/1968,"$37,632.00 ",card,food bank,
11687,2,3/22/1980,"$78,447.00 ",cash,general fund,
11688,2,6/27/1971,"$18,502.00 ",check,missions,10588
11689,2,6/18/1988,"$58,149.00 ",card,restricted-youth,
11690,2,5/21/1975,"$27,042.00 ",cash,tithes ,
11691,2,8/5/1963,"$53,889.00 ",check,building fund,10591
11692,2,10/6/1976,"$86,904.00 ",card,church planting,
11693,2,4/4/1965,$210.00 ,cash,food bank,
11694,2,3/19/2015,"$85,124.00 ",check,general fund,10594
11695,2,11/6/1961,"$23,580.00 ",card,missions,
11696,2,5/2/2005,"$48,608.00 ",cash,restricted-youth,
11697,2,2/17/1963,"$32,337.00 ",check,tithes ,10597
11698,2,3/23/1972,"$70,407.00 ",card,building fund,
11699,2,2/23/1964,"$57,812.00 ",cash,church planting,
11700,2,4/9/1998,"$88,393.00 ",check,food bank,10600
11701,2,8/5/1963,"$8,356.00 ",card,general fund,
11702,2,1/28/1999,"$73,278.00 ",cash,missions,
11703,2,7/7/2012,"$18,109.00 ",check,restricted-youth,10603
11704,2,6/20/2013,"$78,546.00 ",card,tithes ,
11705,2,9/6/1963,"$57,771.00 ",cash,building fund,
11706,2,12/5/2009,"$3,924.00 ",check,church planting,10606
11707,2,1/29/1985,"$24,444.00 ",card,food bank,
11708,2,9/20/2009,"$1,389.00 ",cash,general fund,
11709,2,9/20/1988,"$52,601.00 ",check,missions,10609
11710,2,7/13/1966,"$32,167.00 ",card,restricted-youth,
11711,2,7/12/1990,"$95,584.00 ",cash,tithes ,
11712,2,1/9/2008,"$55,988.00 ",check,building fund,10612
11713,2,10/3/1992,"$92,369.00 ",card,church planting,
11714,2,2/5/1993,$400.00 ,cash,food bank,
11715,2,5/14/2002,"$70,903.00 ",check,general fund,10615
11716,2,4/19/1993,"$94,783.00 ",card,missions,
11717,2,6/25/2004,"$88,831.00 ",cash,restricted-youth,
11718,2,11/1/2006,"$95,841.00 ",check,tithes ,10618
11719,2,4/3/1993,"$6,603.00 ",card,building fund,
11720,2,4/8/2004,"$73,058.00 ",cash,church planting,
11721,2,3/16/1966,"$89,590.00 ",check,food bank,10621
11722,2,4/20/1995,"$56,922.00 ",card,general fund,
11723,2,12/4/1961,"$60,608.00 ",cash,missions,
11724,2,11/30/1962,$500.00 ,check,restricted-youth,10624
11725,2,7/8/1980,"$99,337.00 ",card,tithes ,
11726,2,2/25/1975,"$30,743.00 ",cash,building fund,
11727,2,4/19/1965,"$85,481.00 ",check,church planting,10627
11728,2,7/7/1983,"$40,846.00 ",card,food bank,
11729,2,12/29/2007,"$95,732.00 ",cash,general fund,
11730,2,4/24/1975,"$74,780.00 ",check,missions,10630
11731,2,8/24/1989,"$27,982.00 ",card,restricted-youth,
11732,2,2/5/1977,"$28,728.00 ",cash,tithes ,
11733,2,1/5/1968,"$4,648.00 ",check,building fund,10633
11734,2,10/20/1982,"$6,843.00 ",card,church planting,
11735,2,2/22/2005,"$99,789.00 ",cash,food bank,
11736,2,2/18/1985,"$81,435.00 ",check,general fund,10636
11737,2,9/28/2006,"$73,571.00 ",card,missions,
11738,2,8/20/2008,"$24,770.00 ",cash,restricted-youth,
11739,2,10/12/2012,$747.00 ,check,tithes ,10639
11740,2,9/27/1969,"$2,847.00 ",card,building fund,
11741,2,5/30/1963,"$19,556.00 ",cash,church planting,
11742,2,12/25/1996,"$16,121.00 ",check,food bank,10642
11743,2,3/14/1996,"$31,973.00 ",card,general fund,
11744,2,4/23/1973,"$89,872.00 ",cash,missions,
11745,2,7/24/1985,"$90,433.00 ",check,restricted-youth,10645
11746,2,9/21/2005,"$22,540.00 ",card,tithes ,
11747,2,1/22/1985,"$58,861.00 ",cash,building fund,
11748,2,9/3/1963,"$26,334.00 ",check,church planting,10648
11749,2,2/8/1973,$67.00 ,card,food bank,
11750,2,10/16/1972,"$1,683.00 ",cash,general fund,
11751,2,1/9/2009,"$63,270.00 ",check,missions,10651
11752,2,3/21/1992,"$56,715.00 ",card,restricted-youth,
11753,2,6/4/2010,$90.00 ,cash,tithes ,
11754,2,1/18/1986,"$55,632.00 ",check,building fund,10654
11755,2,7/24/1993,"$77,992.00 ",card,church planting,
11756,2,2/17/1992,"$69,409.00 ",cash,food bank,
11757,2,8/1/1970,"$73,647.00 ",check,general fund,10657
11758,2,3/21/1961,"$65,364.00 ",card,missions,
11759,2,1/5/1978,"$83,703.00 ",cash,restricted-youth,
11760,2,8/25/2006,"$76,079.00 ",check,tithes ,10660
11761,2,10/29/1984,"$33,315.00 ",card,building fund,
11762,2,10/1/1981,"$77,279.00 ",cash,church planting,
11763,2,5/9/1964,"$35,317.00 ",check,food bank,10663
11764,2,11/17/1989,"$31,301.00 ",card,general fund,
11765,2,10/15/1988,"$91,364.00 ",cash,missions,
11766,2,4/14/1983,"$62,233.00 ",check,restricted-youth,10666
11767,2,1/11/1984,"$51,475.00 ",card,tithes ,
11768,2,9/6/2005,"$7,905.00 ",cash,building fund,
11769,2,4/8/1981,"$77,625.00 ",check,church planting,10669
11770,2,2/19/2001,"$43,049.00 ",card,food bank,
11771,2,2/17/1960,"$6,204.00 ",cash,general fund,
11772,2,12/29/1983,"$5,679.00 ",check,missions,10672
11773,2,3/20/1969,"$29,085.00 ",card,restricted-youth,
11774,2,4/13/1998,"$99,262.00 ",cash,tithes ,
11775,2,1/24/1961,"$80,340.00 ",check,building fund,10675
11776,2,4/19/1965,"$70,481.00 ",card,church planting,
11777,2,3/2/1975,"$58,308.00 ",cash,food bank,
11778,2,6/25/1993,"$71,649.00 ",check,general fund,10678
11779,2,4/29/2003,"$76,934.00 ",card,missions,
11780,2,4/21/1967,"$58,016.00 ",cash,restricted-youth,
11781,2,8/10/2015,"$8,411.00 ",check,tithes ,10681
11782,2,11/1/1988,"$72,863.00 ",card,building fund,
11783,2,8/21/1978,"$60,743.00 ",cash,church planting,
11784,2,10/4/1989,"$45,471.00 ",check,food bank,10684
11785,2,7/13/1975,"$43,857.00 ",card,general fund,
11786,2,4/13/1988,"$70,382.00 ",cash,missions,
11787,2,10/30/1969,"$95,463.00 ",check,restricted-youth,10687
11788,2,10/31/1993,"$96,381.00 ",card,tithes ,
11789,2,12/7/2006,"$43,916.00 ",cash,building fund,
11790,2,4/1/1964,"$13,149.00 ",check,church planting,10690
11791,2,5/28/2006,"$48,301.00 ",card,food bank,
11792,2,10/20/1988,"$51,623.00 ",cash,general fund,
11793,2,10/12/2001,"$90,929.00 ",check,missions,10693
11794,2,7/24/1991,"$28,940.00 ",card,restricted-youth,
11795,2,8/7/1993,"$8,161.00 ",cash,tithes ,
11796,2,6/21/1986,"$49,654.00 ",check,building fund,10696
11797,2,8/8/2005,"$80,263.00 ",card,church planting,
11798,2,9/22/2003,"$58,860.00 ",cash,food bank,
11799,2,3/21/2008,"$53,914.00 ",check,general fund,10699
11800,2,10/18/1995,"$77,406.00 ",card,missions,
11801,2,8/2/2006,"$13,499.00 ",cash,restricted-youth,
11802,2,7/8/2013,"$80,532.00 ",check,tithes ,10702
11803,2,8/4/1992,"$62,459.00 ",card,building fund,
11804,2,2/15/1972,"$57,065.00 ",cash,church planting,
11805,2,4/17/2011,"$41,284.00 ",check,food bank,10705
11806,2,8/28/1981,"$99,349.00 ",card,general fund,
11807,2,9/26/1989,"$5,162.00 ",cash,missions,
11808,2,6/6/2004,"$30,101.00 ",check,restricted-youth,10708
11809,2,6/20/1974,"$46,356.00 ",card,tithes ,
11810,2,7/26/2005,"$58,220.00 ",cash,building fund,
11811,2,9/15/2001,"$76,677.00 ",check,church planting,10711
11812,2,3/6/1984,"$14,851.00 ",card,food bank,
11813,2,7/23/1987,"$20,545.00 ",cash,general fund,
11814,2,11/14/1962,"$91,485.00 ",check,missions,10714
11815,2,3/2/2008,"$16,232.00 ",card,restricted-youth,
11816,2,4/22/2015,"$19,422.00 ",cash,tithes ,
11817,2,9/15/1976,"$99,919.00 ",check,building fund,10717
11818,2,3/10/2003,"$87,414.00 ",card,church planting,
11819,2,4/10/1987,"$65,339.00 ",cash,food bank,
11820,2,3/12/2012,"$80,110.00 ",check,general fund,10720
11821,2,4/2/1970,"$9,023.00 ",card,missions,
11822,2,4/14/1981,"$77,031.00 ",cash,restricted-youth,
11823,2,4/4/2009,"$99,932.00 ",check,tithes ,10723
11824,2,5/3/2012,"$42,135.00 ",card,building fund,
11825,2,8/8/2015,"$37,586.00 ",cash,church planting,
11826,2,4/21/2004,"$7,183.00 ",check,food bank,10726
11827,2,5/7/2004,"$45,299.00 ",card,general fund,
11828,2,3/29/1982,"$79,851.00 ",cash,missions,
11829,2,2/3/1989,"$37,314.00 ",check,restricted-youth,10729
11830,2,4/15/2002,"$75,149.00 ",card,tithes ,
11831,2,1/8/1994,"$51,410.00 ",cash,building fund,
11832,2,6/24/2012,"$12,126.00 ",check,church planting,10732
11833,2,6/21/2006,"$29,543.00 ",card,food bank,
11834,2,1/18/1986,$651.00 ,cash,general fund,
11835,2,8/22/2006,"$46,495.00 ",check,missions,10735
11836,2,1/9/2011,"$56,737.00 ",card,restricted-youth,
11837,2,2/13/1962,"$35,655.00 ",cash,tithes ,
11838,2,9/13/1976,"$99,618.00 ",check,building fund,10738
11839,2,3/26/1966,"$98,933.00 ",card,church planting,
11840,2,8/3/1976,"$7,541.00 ",cash,food bank,
11841,2,10/7/1995,"$88,533.00 ",check,general fund,10741
11842,2,12/16/1982,"$52,687.00 ",card,missions,
11843,2,8/30/1987,"$57,839.00 ",cash,restricted-youth,
11844,2,7/30/1962,"$32,120.00 ",check,tithes ,10744
11845,2,4/13/1991,"$65,483.00 ",card,building fund,
11846,2,1/13/1975,"$52,038.00 ",cash,church planting,
11847,2,12/20/1974,"$61,379.00 ",check,food bank,10747
11848,2,12/25/1975,"$51,247.00 ",card,general fund,
11849,2,4/7/1982,"$15,736.00 ",cash,missions,
11850,2,9/11/2011,"$11,293.00 ",check,restricted-youth,10750
11851,2,7/22/1964,"$38,869.00 ",card,tithes ,
11852,2,9/10/1977,"$91,159.00 ",cash,building fund,
11853,2,3/10/2013,"$63,210.00 ",check,church planting,10753
11854,2,12/12/2000,"$53,370.00 ",card,food bank,
11855,2,9/27/2008,"$93,750.00 ",cash,general fund,
11856,2,11/24/1967,"$47,682.00 ",check,missions,10756
11857,2,5/8/1965,"$91,193.00 ",card,restricted-youth,
11858,2,1/21/1971,"$31,108.00 ",cash,tithes ,
11859,2,12/4/1965,"$21,203.00 ",check,building fund,10759
11860,2,7/19/1975,"$59,184.00 ",card,church planting,
11861,2,10/26/1981,"$7,518.00 ",cash,food bank,
11862,2,10/29/2015,"$24,478.00 ",check,general fund,10762
11863,2,9/17/1977,"$35,314.00 ",card,missions,
11864,2,8/3/1993,"$33,822.00 ",cash,restricted-youth,
11865,2,1/14/1982,"$85,693.00 ",check,tithes ,10765
11866,2,12/15/2015,"$3,192.00 ",card,building fund,
11867,2,12/4/2009,"$18,524.00 ",cash,church planting,
11868,2,1/22/2004,"$72,706.00 ",check,food bank,10768
11869,2,11/13/1985,"$31,976.00 ",card,general fund,
11870,2,1/13/1961,"$4,691.00 ",cash,missions,
11871,2,7/20/1960,"$29,643.00 ",check,restricted-youth,10771
11872,2,7/11/1967,"$9,873.00 ",card,tithes ,
11873,2,4/26/2000,"$68,035.00 ",cash,building fund,
11874,2,12/5/1971,"$57,926.00 ",check,church planting,10774
11875,2,7/22/1982,"$76,932.00 ",card,food bank,
11876,2,11/14/1991,"$37,313.00 ",cash,general fund,
11877,2,4/16/2003,"$88,528.00 ",check,missions,10777
11878,2,5/24/1963,"$78,255.00 ",card,restricted-youth,
11879,2,9/22/1980,"$78,497.00 ",cash,tithes ,
11880,2,9/24/1990,"$36,611.00 ",check,building fund,10780
11881,2,6/8/1995,"$57,115.00 ",card,church planting,
11882,2,1/9/2009,"$13,818.00 ",cash,food bank,
11883,2,4/15/2007,"$74,050.00 ",check,general fund,10783
11884,2,8/13/1964,"$21,604.00 ",card,missions,
11885,2,11/9/1980,"$42,120.00 ",cash,restricted-youth,
11886,2,1/6/1970,"$36,942.00 ",check,tithes ,10786
11887,2,2/15/1988,"$97,649.00 ",card,building fund,
11888,2,4/8/1962,"$24,945.00 ",cash,church planting,
11889,2,7/24/1989,"$63,464.00 ",check,food bank,10789
11890,2,5/19/1991,"$63,324.00 ",card,general fund,
11891,2,8/3/2007,"$81,469.00 ",cash,missions,
11892,2,9/26/1965,"$86,697.00 ",check,restricted-youth,10792
11893,2,1/1/1992,"$85,623.00 ",card,tithes ,
11894,2,4/18/1982,"$38,688.00 ",cash,building fund,
11895,2,8/9/1989,"$57,610.00 ",check,church planting,10795
11896,2,10/21/2004,"$89,050.00 ",card,food bank,
11897,2,10/16/1995,"$8,037.00 ",cash,general fund,
11898,2,7/6/1963,"$34,042.00 ",check,missions,10798
11899,2,7/21/1966,"$87,636.00 ",card,restricted-youth,
11900,2,8/14/1997,"$15,695.00 ",cash,tithes ,
11901,2,3/26/1967,"$33,653.00 ",check,building fund,10801
11902,2,5/30/1995,"$3,962.00 ",card,church planting,
11903,2,5/19/1995,"$88,191.00 ",cash,food bank,
11904,2,2/24/1968,"$10,599.00 ",check,general fund,10804
11905,2,7/30/1963,"$55,529.00 ",card,missions,
11906,2,7/24/2007,"$40,637.00 ",cash,restricted-youth,
11907,2,7/31/1974,"$94,260.00 ",check,tithes ,10807
11908,2,1/2/1994,"$14,523.00 ",card,building fund,
11909,2,6/7/1992,"$32,726.00 ",cash,church planting,
11910,2,5/6/1960,"$21,327.00 ",check,food bank,10810
11911,2,10/9/1984,"$85,828.00 ",card,general fund,
11912,2,2/18/1964,"$47,340.00 ",cash,missions,
11913,2,2/6/1966,"$52,257.00 ",check,restricted-youth,10813
11914,2,12/9/1976,"$22,547.00 ",card,tithes ,
11915,2,12/26/1962,"$95,616.00 ",cash,building fund,
11916,2,1/16/1968,"$43,217.00 ",check,church planting,10816
11917,2,6/19/1981,"$27,786.00 ",card,food bank,
11918,2,4/4/1967,"$90,663.00 ",cash,general fund,
11919,2,10/16/2009,"$11,667.00 ",check,missions,10819
11920,2,11/11/1963,"$81,139.00 ",card,restricted-youth,
11921,2,8/6/2013,"$66,783.00 ",cash,tithes ,
11922,2,2/28/1990,"$12,601.00 ",check,building fund,10822
11923,2,5/7/1981,"$12,149.00 ",card,church planting,
11924,2,12/8/1989,"$13,829.00 ",cash,food bank,
11925,2,1/19/2004,"$27,012.00 ",check,general fund,10825
11926,2,2/15/1976,"$28,852.00 ",card,missions,
11927,2,10/4/1984,"$57,654.00 ",cash,restricted-youth,
11928,2,10/24/1998,"$7,136.00 ",check,tithes ,10828
11929,2,10/26/1966,"$5,078.00 ",card,building fund,
11930,2,7/6/1965,"$81,518.00 ",cash,church planting,
11931,2,5/5/1996,"$51,081.00 ",check,food bank,10831
11932,2,11/23/1964,"$66,949.00 ",card,general fund,
11933,2,4/3/1985,"$55,933.00 ",cash,missions,
11934,2,1/2/1969,"$93,545.00 ",check,restricted-youth,10834
11935,2,3/30/1968,"$6,283.00 ",card,tithes ,
11936,2,12/25/1991,"$1,158.00 ",cash,building fund,
11937,2,7/21/1990,"$17,349.00 ",check,church planting,10837
11938,2,1/31/1967,"$20,970.00 ",card,food bank,
11939,2,7/27/1989,"$85,941.00 ",cash,general fund,
11940,2,10/4/1980,"$75,999.00 ",check,missions,10840
11941,2,1/25/1972,"$2,108.00 ",card,restricted-youth,
11942,2,2/25/2016,"$17,728.00 ",cash,tithes ,
11943,2,11/17/2015,"$74,642.00 ",check,building fund,10843
11944,2,12/19/1991,"$92,985.00 ",card,church planting,
11945,2,1/16/2015,"$14,853.00 ",cash,food bank,
11946,2,10/30/1997,"$21,212.00 ",check,general fund,10846
11947,2,5/31/1999,$681.00 ,card,missions,
11948,2,3/4/1978,"$5,465.00 ",cash,restricted-youth,
11949,2,11/24/1977,"$99,606.00 ",check,tithes ,10849
11950,2,10/19/1966,"$73,452.00 ",card,building fund,
11951,2,1/15/1979,"$75,970.00 ",cash,church planting,
11952,2,2/9/1974,"$71,450.00 ",check,food bank,10852
11953,2,1/27/1968,"$1,104.00 ",card,general fund,
11954,2,6/21/1998,"$74,409.00 ",cash,missions,
11955,2,3/18/1986,"$29,884.00 ",check,restricted-youth,10855
11956,2,9/12/2004,"$57,052.00 ",card,tithes ,
11957,2,5/11/2006,"$40,764.00 ",cash,building fund,
11958,2,11/12/1989,"$92,381.00 ",check,church planting,10858
11959,2,10/28/1960,"$55,600.00 ",card,food bank,
11960,2,1/10/1975,"$74,420.00 ",cash,general fund,
11961,2,8/15/1979,"$68,893.00 ",check,missions,10861
11962,2,7/15/1981,"$81,651.00 ",card,restricted-youth,
11963,2,4/4/1966,"$46,036.00 ",cash,tithes ,
11964,2,4/10/1967,"$56,344.00 ",check,building fund,10864
11965,2,8/23/2007,"$51,481.00 ",card,church planting,
11966,2,9/30/1996,"$97,348.00 ",cash,food bank,
11967,2,4/21/1969,$91.00 ,check,general fund,10867
11968,2,9/11/2011,"$17,616.00 ",card,missions,
11969,2,2/4/1997,"$11,525.00 ",cash,restricted-youth,
11970,2,11/12/2015,"$93,921.00 ",check,tithes ,10870
11971,2,4/16/1988,"$30,180.00 ",card,building fund,
11972,2,10/5/2005,"$41,048.00 ",cash,church planting,
11973,2,11/26/1973,"$98,675.00 ",check,food bank,10873
11974,2,6/4/1994,"$18,898.00 ",card,general fund,
11975,2,12/24/1993,"$48,872.00 ",cash,missions,
11976,2,6/16/2006,"$64,688.00 ",check,restricted-youth,10876
11977,2,4/13/1965,"$76,210.00 ",card,tithes ,
11978,2,6/16/1992,"$67,445.00 ",cash,building fund,
11979,2,1/2/1986,"$36,147.00 ",check,church planting,10879
11980,2,4/3/1987,"$13,722.00 ",card,food bank,
11981,2,5/14/1974,"$2,060.00 ",cash,general fund,
11982,2,3/27/1974,"$33,605.00 ",check,missions,10882
11983,2,11/14/1981,"$14,227.00 ",card,restricted-youth,
11984,2,12/22/1986,"$84,257.00 ",cash,tithes ,
11985,2,1/17/2004,"$80,705.00 ",check,building fund,10885
11986,2,4/25/1996,"$79,463.00 ",card,church planting,
11987,2,11/23/2013,"$79,765.00 ",cash,food bank,
11988,2,12/23/1992,"$5,006.00 ",check,general fund,10888
11989,2,3/31/1998,"$41,091.00 ",card,missions,
11990,2,7/2/2011,"$19,529.00 ",cash,restricted-youth,
11991,2,8/31/1983,"$17,813.00 ",check,tithes ,10891
11992,2,8/21/1969,"$9,297.00 ",card,building fund,
11993,2,10/8/1997,"$10,802.00 ",cash,church planting,
11994,2,6/11/1982,"$37,676.00 ",check,food bank,10894
11995,2,3/8/1997,"$36,087.00 ",card,general fund,
11996,2,4/11/1985,"$93,159.00 ",cash,missions,
11997,2,5/10/2012,"$14,862.00 ",check,restricted-youth,10897
11998,2,5/7/1979,"$32,970.00 ",card,tithes ,
11999,2,1/7/2005,"$98,793.00 ",cash,building fund,
12000,2,9/19/2013,"$14,584.00 ",check,church planting,10900
12001,2,2/24/2015,"$32,632.00 ",card,food bank,
12002,2,6/20/2011,"$54,023.00 ",cash,general fund,
12003,2,1/1/1992,"$40,719.00 ",check,missions,10903
12004,2,3/7/1979,"$98,805.00 ",card,restricted-youth,
12005,2,2/17/2010,"$85,875.00 ",cash,tithes ,
12006,2,3/23/1965,"$3,035.00 ",check,building fund,10906
12007,2,7/12/1992,"$66,507.00 ",card,church planting,
12008,2,7/3/1980,"$72,643.00 ",cash,food bank,
12009,2,12/14/1987,"$95,884.00 ",check,general fund,10909
12010,2,6/3/2008,"$33,842.00 ",card,missions,
12011,2,7/29/2009,"$22,147.00 ",cash,restricted-youth,
12012,2,6/13/1998,"$1,662.00 ",check,tithes ,10912
12013,2,1/16/2006,"$59,824.00 ",card,building fund,
12014,2,7/8/2002,"$56,268.00 ",cash,church planting,
12015,2,3/17/1975,"$7,253.00 ",check,food bank,10915
12016,2,10/14/1984,"$24,985.00 ",card,general fund,
12017,2,11/19/2012,"$26,889.00 ",cash,missions,
12018,2,8/17/2003,"$27,093.00 ",check,restricted-youth,10918
12019,2,6/14/1977,"$6,409.00 ",card,tithes ,
12020,2,7/21/2005,"$8,343.00 ",cash,building fund,
12021,2,6/7/2007,"$89,920.00 ",check,church planting,10921
12022,2,12/20/1992,"$18,809.00 ",card,food bank,
12023,2,6/27/2000,"$12,940.00 ",cash,general fund,
12024,2,9/5/2006,"$76,482.00 ",check,missions,10924
12025,2,11/8/1986,"$67,482.00 ",card,restricted-youth,
12026,2,12/19/1998,"$49,463.00 ",cash,tithes ,
12027,2,10/9/2013,"$56,143.00 ",check,building fund,10927
12028,2,8/26/1998,"$95,400.00 ",card,church planting,
12029,2,10/16/1970,"$16,570.00 ",cash,food bank,
12030,2,1/7/2001,"$48,825.00 ",check,general fund,10930
12031,2,1/22/1986,"$99,956.00 ",card,missions,
12032,2,3/19/1997,"$85,267.00 ",cash,restricted-youth,
12033,2,3/7/1975,"$64,284.00 ",check,tithes ,10933
12034,2,6/5/1981,"$11,946.00 ",card,building fund,
12035,2,8/11/2003,"$49,852.00 ",cash,church planting,
12036,2,11/24/1997,"$61,612.00 ",check,food bank,10936
12037,2,1/30/1983,"$47,792.00 ",card,general fund,
12038,2,2/27/1991,"$49,226.00 ",cash,missions,
12039,2,7/2/1999,"$11,717.00 ",check,restricted-youth,10939
12040,2,2/25/2015,"$20,075.00 ",card,tithes ,
12041,2,3/21/1981,"$86,735.00 ",cash,building fund,
12042,2,7/2/1990,"$48,965.00 ",check,church planting,10942
12043,2,6/5/1968,"$78,478.00 ",card,food bank,
12044,2,8/18/2008,"$85,955.00 ",cash,general fund,
12045,2,1/12/1997,"$83,540.00 ",check,missions,10945
12046,2,12/26/1988,"$60,791.00 ",card,restricted-youth,
12047,2,7/7/2000,"$11,197.00 ",cash,tithes ,
12048,2,3/13/2000,"$95,102.00 ",check,building fund,10948
12049,2,1/12/2015,"$44,426.00 ",card,church planting,
12050,2,11/19/1981,"$93,236.00 ",cash,food bank,
12051,2,4/26/1963,"$81,271.00 ",check,general fund,10951
12052,2,12/10/1984,"$60,536.00 ",card,missions,
12053,2,2/7/2003,"$55,360.00 ",cash,restricted-youth,
12054,2,11/4/2014,"$77,666.00 ",check,tithes ,10954
12055,2,3/5/2007,"$24,928.00 ",card,building fund,
12056,2,10/21/2003,"$75,346.00 ",cash,church planting,
12057,2,7/9/2000,"$66,499.00 ",check,food bank,10957
12058,2,11/14/1997,"$34,427.00 ",card,general fund,
12059,2,1/10/1993,"$28,224.00 ",cash,missions,
12060,2,9/23/1969,"$57,431.00 ",check,restricted-youth,10960
12061,2,3/5/1983,$707.00 ,card,tithes ,
12062,2,3/10/1965,"$14,321.00 ",cash,building fund,
12063,2,11/6/2004,"$89,504.00 ",check,church planting,10963
12064,2,2/25/1980,"$39,349.00 ",card,food bank,
12065,2,7/17/1961,"$23,719.00 ",cash,general fund,
12066,2,5/9/2007,"$54,795.00 ",check,missions,10966
12067,2,5/24/1999,"$40,170.00 ",card,restricted-youth,
12068,2,8/9/1960,"$37,684.00 ",cash,tithes ,
12069,2,5/4/2001,"$21,770.00 ",check,building fund,10969
12070,2,2/13/1973,"$2,274.00 ",card,church planting,
12071,2,2/8/1996,"$32,843.00 ",cash,food bank,
12072,2,5/4/1961,"$66,669.00 ",check,general fund,10972
12073,2,3/12/2015,"$74,812.00 ",card,missions,
12074,2,8/19/2013,"$87,872.00 ",cash,restricted-youth,
12075,2,9/16/1961,"$73,073.00 ",check,tithes ,10975
12076,2,5/2/1975,"$18,336.00 ",card,building fund,
12077,2,4/17/2006,"$83,300.00 ",cash,church planting,
12078,2,12/9/2013,"$41,025.00 ",check,food bank,10978
12079,2,4/29/1986,"$39,646.00 ",card,general fund,
12080,2,12/14/1992,"$19,771.00 ",cash,missions,
12081,2,11/7/2014,"$34,221.00 ",check,restricted-youth,10981
12082,2,6/15/2000,"$63,399.00 ",card,tithes ,
12083,2,5/19/1976,"$29,214.00 ",cash,building fund,
12084,2,9/25/2008,"$26,316.00 ",check,church planting,10984
12085,2,1/5/1992,"$87,885.00 ",card,food bank,
12086,2,2/4/1994,"$68,563.00 ",cash,general fund,
12087,2,3/5/1968,"$64,724.00 ",check,missions,10987
12088,2,4/29/1999,"$19,095.00 ",card,restricted-youth,
12089,2,6/12/1970,"$79,930.00 ",cash,tithes ,
12090,2,7/15/1969,"$9,492.00 ",check,building fund,10990
12091,2,8/26/1986,"$97,024.00 ",card,church planting,
12092,2,4/29/2006,"$65,654.00 ",cash,food bank,
12093,2,7/6/1976,"$82,945.00 ",check,general fund,10993
12094,2,7/7/1995,"$90,680.00 ",card,missions,
12095,2,5/14/1991,"$14,011.00 ",cash,restricted-youth,
12096,2,3/5/1962,"$58,160.00 ",check,tithes ,10996
12097,2,9/14/1985,"$71,094.00 ",card,building fund,
12098,2,10/7/1967,"$61,883.00 ",cash,church planting,
12099,2,5/12/2002,"$60,887.00 ",check,food bank,10999
12100,2,12/19/1960,"$5,000.00 ",cash,missions,
